"Num","Amine_SMILES","Bromide_SMILES","Structure","reaction","A_Pro/IS","concat_pred","sum_pred"
5,"NC1=CC=CC=C1C","FC1=CC(Br)=CC=C1","Fc1cc(Nc2c(C)cccc2)ccc1","NC1=CC=CC=C1C*FC1=CC(Br)=CC=C1*Fc1cc(Nc2c(C)cccc2)ccc1",5.515391682,3.311774173684314,3.8987100853368823
7,"NC1=CC=CC=C1C","COC1=CC(Br)=CC=C1","O(C)c1cc(Nc2c(C)cccc2)ccc1","NC1=CC=CC=C1C*COC1=CC(Br)=CC=C1*O(C)c1cc(Nc2c(C)cccc2)ccc1",7.766376974,4.306231214799481,5.09049376198862
14,"NC1=CC=CC(C)=C1","CC1=CC=C(Br)C=C1C","N(c1cc(C)c(C)cc1)c1cc(C)ccc1","NC1=CC=CC(C)=C1*CC1=CC=C(Br)C=C1C*N(c1cc(C)c(C)cc1)c1cc(C)ccc1",8.098904449,4.725117936692067,5.508348999894848
18,"NC1=CC=C(C)C=C1","OC1=CC=CC=C1Br","Oc1c(Nc2ccc(C)cc2)cccc1","NC1=CC=C(C)C=C1*OC1=CC=CC=C1Br*Oc1c(Nc2ccc(C)cc2)cccc1",1.136122814,0.45679201335431285,0.6873801582902002
25,"OC1=CC=CC=C1N","CC1=CC=C(Br)C=C1","Oc1c(Nc2ccc(C)cc2)cccc1","OC1=CC=CC=C1N*CC1=CC=C(Br)C=C1*Oc1c(Nc2ccc(C)cc2)cccc1",1.232181133,2.6794259086259142,2.173406576727108
26,"OC1=CC=CC=C1N","OC1=CC=CC=C1Br","Oc1c(Nc2c(O)cccc2)cccc1","OC1=CC=CC=C1N*OC1=CC=CC=C1Br*Oc1c(Nc2c(O)cccc2)cccc1",1.214783712,1.4184818319777763,1.5664251695190041
38,"NC1=CC=CC=C1F","CC1=CC=C(Br)C=C1C","Fc1c(Nc2cc(C)c(C)cc2)cccc1","NC1=CC=CC=C1F*CC1=CC=C(Br)C=C1C*Fc1c(Nc2cc(C)c(C)cc2)cccc1",8.421316671,6.026162889278384,5.96108446735572
48,"FC1=CC(N)=CC=C1","OCC1=CC=CC(Br)=C1","Fc1cc(Nc2cc(CO)ccc2)ccc1","FC1=CC(N)=CC=C1*OCC1=CC=CC(Br)=C1*Fc1cc(Nc2cc(CO)ccc2)ccc1",3.05844736,2.3861639512300012,2.8763060187351632
49,"NC1=CC=C(F)C=C1","CC1=CC=C(Br)C=C1","Fc1ccc(Nc2ccc(C)cc2)cc1","NC1=CC=C(F)C=C1*CC1=CC=C(Br)C=C1*Fc1ccc(Nc2ccc(C)cc2)cc1",4.761529669,4.040655929298703,5.546457240455031
51,"NC1=CC=C(F)C=C1","FC1=CC=CC=C1Br","Fc1c(Nc2ccc(F)cc2)cccc1","NC1=CC=C(F)C=C1*FC1=CC=CC=C1Br*Fc1c(Nc2ccc(F)cc2)cccc1",5.77246445,5.054488939753563,6.042993333428899
56,"NC1=CC=C(F)C=C1","OCC1=CC=CC(Br)=C1","Fc1ccc(Nc2cc(CO)ccc2)cc1","NC1=CC=C(F)C=C1*OCC1=CC=CC(Br)=C1*Fc1ccc(Nc2cc(CO)ccc2)cc1",3.788622493,3.499725252846556,3.575352200258933
80,"N#Cc1ccc(N)cc1","OCC1=CC=CC(Br)=C1","OCc1cc(Nc2ccc(C#N)cc2)ccc1","N#Cc1ccc(N)cc1*OCC1=CC=CC(Br)=C1*OCc1cc(Nc2ccc(C#N)cc2)ccc1",1.220776375,1.4237037538228718,1.8374616625644158
99,"NC1=CC=CC=C1OC","FC1=CC=CC=C1Br","Fc1c(Nc2c(OC)cccc2)cccc1","NC1=CC=CC=C1OC*FC1=CC=CC=C1Br*Fc1c(Nc2c(OC)cccc2)cccc1",6.303107892,7.728647889463359,8.404267167397082
115,"NC1=CC(C(C)=O)=CC=C1","FC1=CC=CC=C1Br","Fc1c(Nc2cc(C(=O)C)ccc2)cccc1","NC1=CC(C(C)=O)=CC=C1*FC1=CC=CC=C1Br*Fc1c(Nc2cc(C(=O)C)ccc2)cccc1",10.99628274,11.200062148880463,14.047140888863202
131,"CC(C1=CC=C(N)C=C1)=O","FC1=CC=CC=C1Br","Fc1c(Nc2ccc(C(=O)C)cc2)cccc1","CC(C1=CC=C(N)C=C1)=O*FC1=CC=CC=C1Br*Fc1c(Nc2ccc(C(=O)C)cc2)cccc1",4.425359057,3.217295383376988,3.4965541109140275
146,"N#CC1=CC=CC(OC)=C1N","OC1=CC=CC=C1Br","O(C)c1c(Nc2c(O)cccc2)c(C#N)ccc1","N#CC1=CC=CC(OC)=C1N*OC1=CC=CC=C1Br*O(C)c1c(Nc2c(O)cccc2)c(C#N)ccc1",0.336346495,1.0883745231772104,1.0809194503452177
151,"N#CC1=CC=CC(OC)=C1N","COC1=CC(Br)=CC=C1","O(C)c1c(Nc2cc(OC)ccc2)c(C#N)ccc1","N#CC1=CC=CC(OC)=C1N*COC1=CC(Br)=CC=C1*O(C)c1c(Nc2cc(OC)ccc2)c(C#N)ccc1",6.176025392,6.833734860937237,8.09469333208015
167,"NC1=CC=CC=C1C(F)(F)F","COC1=CC(Br)=CC=C1","FC(F)(F)c1c(Nc2cc(OC)ccc2)cccc1","NC1=CC=CC=C1C(F)(F)F*COC1=CC(Br)=CC=C1*FC(F)(F)c1c(Nc2cc(OC)ccc2)cccc1",4.093634126,3.819234731596388,4.115997261578496
175,"FC(F)(F)C1=CC=C(N)C=C1","COC1=CC(Br)=CC=C1","FC(F)(F)c1ccc(Nc2cc(OC)ccc2)cc1","FC(F)(F)C1=CC=C(N)C=C1*COC1=CC(Br)=CC=C1*FC(F)(F)c1ccc(Nc2cc(OC)ccc2)cc1",4.77258563,3.695803647106477,3.6348182041135253
189,"O=C(O)C1=CC=C([N+]([O-])=O)C(N)=C1","FC1=CC(Br)=CC=C1","Fc1cc(Nc2c([N+](=O)[O-])ccc(C(=O)O)c2)ccc1","O=C(O)C1=CC=C([N+]([O-])=O)C(N)=C1*FC1=CC(Br)=CC=C1*Fc1cc(Nc2c([N+](=O)[O-])ccc(C(=O)O)c2)ccc1",8.67990574,7.620440281435885,8.502933229685336
196,"NC1=CC=CC=C1C","CN(C)C1=CC=CC=C1Br","N(C)(C)c1c(Nc2c(C)cccc2)cccc1","NC1=CC=CC=C1C*CN(C)C1=CC=CC=C1Br*N(C)(C)c1c(Nc2c(C)cccc2)cccc1",1.304630856,1.8551466659617117,1.769954032991841
200,"NC1=CC=CC=C1C","O=C(OC)C1=CC=C(Br)C=C1","O=C(OC)c1ccc(Nc2c(C)cccc2)cc1","NC1=CC=CC=C1C*O=C(OC)C1=CC=C(Br)C=C1*O=C(OC)c1ccc(Nc2c(C)cccc2)cc1",1.812493206,1.760268360096076,1.6198074267060343
202,"NC1=CC=CC(C)=C1","CC(C1=CC=CC=C1Br)=O","O=C(C)c1c(Nc2cc(C)ccc2)cccc1","NC1=CC=CC(C)=C1*CC(C1=CC=CC=C1Br)=O*O=C(C)c1c(Nc2cc(C)ccc2)cccc1",0.226289904,1.9170943763751658,1.94279438023033
211,"NC1=CC=C(C)C=C1","CC(C1=CC=C(Br)C=C1)C","N(c1ccc(C(C)C)cc1)c1ccc(C)cc1","NC1=CC=C(C)C=C1*CC(C1=CC=C(Br)C=C1)C*N(c1ccc(C(C)C)cc1)c1ccc(C)cc1",3.644233886,4.268578040703868,5.341240759126398
213,"NC1=CC=C(C)C=C1","BrC1=CC([N+]([O-])=O)=CC=C1","O=[N+]([O-])c1cc(Nc2ccc(C)cc2)ccc1","NC1=CC=C(C)C=C1*BrC1=CC([N+]([O-])=O)=CC=C1*O=[N+]([O-])c1cc(Nc2ccc(C)cc2)ccc1",9.385449603,11.042598766237782,12.801687657307511
215,"NC1=CC=C(C)C=C1","O=C(OC)C1=CC=CC=C1Br","O=C(OC)c1c(Nc2ccc(C)cc2)cccc1","NC1=CC=C(C)C=C1*O=C(OC)C1=CC=CC=C1Br*O=C(OC)c1c(Nc2ccc(C)cc2)cccc1",3.193071638,2.778698088469482,3.264945465765681
233,"FC1=CC(N)=CC=C1","FC1=CC=C(Br)C(F)=C1","Fc1c(Nc2cc(F)ccc2)ccc(F)c1","FC1=CC(N)=CC=C1*FC1=CC=C(Br)C(F)=C1*Fc1c(Nc2cc(F)ccc2)ccc(F)c1",4.651659384,4.337208805286497,5.222209766489534
235,"FC1=CC(N)=CC=C1","CC(C1=CC=C(Br)C=C1)C","Fc1cc(Nc2ccc(C(C)C)cc2)ccc1","FC1=CC(N)=CC=C1*CC(C1=CC=C(Br)C=C1)C*Fc1cc(Nc2ccc(C(C)C)cc2)ccc1",3.591523045,3.3666064086007785,4.053962774226603
239,"FC1=CC(N)=CC=C1","O=C(OC)C1=CC=CC=C1Br","Fc1cc(Nc2c(C(=O)OC)cccc2)ccc1","FC1=CC(N)=CC=C1*O=C(OC)C1=CC=CC=C1Br*Fc1cc(Nc2c(C(=O)OC)cccc2)ccc1",1.751441518,1.1693949391678076,1.2578675126496837
242,"NC1=CC=C(F)C=C1","CC(C1=CC=CC=C1Br)=O","Fc1ccc(Nc2c(C(=O)C)cccc2)cc1","NC1=CC=C(F)C=C1*CC(C1=CC=CC=C1Br)=O*Fc1ccc(Nc2c(C(=O)C)cccc2)cc1",0.266358579,0.87289604253542,0.8849154456727142
257,"C#CC1=CC=CC(N)=C1","FC1=CC=C(Br)C(F)=C1","Fc1c(Nc2cc(C#C)ccc2)ccc(F)c1","C#CC1=CC=CC(N)=C1*FC1=CC=C(Br)C(F)=C1*Fc1c(Nc2cc(C#C)ccc2)ccc(F)c1",0.894607392,-0.6888149895503504,0.2152332591029804
259,"C#CC1=CC=CC(N)=C1","CC(C1=CC=C(Br)C=C1)C","N(c1cc(C#C)ccc1)c1ccc(C(C)C)cc1","C#CC1=CC=CC(N)=C1*CC(C1=CC=C(Br)C=C1)C*N(c1cc(C#C)ccc1)c1ccc(C(C)C)cc1",0.035630968,-0.7549677145261104,-0.40090468666130397
264,"C#CC1=CC=CC(N)=C1","O=C(OC)C1=CC=C(Br)C=C1","O=C(OC)c1ccc(Nc2cc(C#C)ccc2)cc1","C#CC1=CC=CC(N)=C1*O=C(OC)C1=CC=C(Br)C=C1*O=C(OC)c1ccc(Nc2cc(C#C)ccc2)cc1",2.058611777,0.7416078642842803,1.4930669977598854
266,"N#Cc1ccc(N)cc1","CC(C1=CC=CC=C1Br)=O","O=C(C)c1c(Nc2ccc(C#N)cc2)cccc1","N#Cc1ccc(N)cc1*CC(C1=CC=CC=C1Br)=O*O=C(C)c1c(Nc2ccc(C#N)cc2)cccc1",1.231410113,3.3680630768093907,2.0028028424426134
271,"N#Cc1ccc(N)cc1","O=C(OC)C1=CC=CC=C1Br","O=C(OC)c1c(Nc2ccc(C#N)cc2)cccc1","N#Cc1ccc(N)cc1*O=C(OC)C1=CC=CC=C1Br*O=C(OC)c1c(Nc2ccc(C#N)cc2)cccc1",0.965149479,2.7140872143138206,1.7098367921291677
275,"NC1=C(C)C=CC=C1C","CC(C1=CC=C(Br)C=C1)C","N(c1c(C)cccc1C)c1ccc(C(C)C)cc1","NC1=C(C)C=CC=C1C*CC(C1=CC=C(Br)C=C1)C*N(c1c(C)cccc1C)c1ccc(C(C)C)cc1",0.867875283,2.2878418080415965,1.6573304126178894
278,"NC1=C(C)C=CC=C1C","CCCCC1=CC=C(Br)C=C1","N(c1c(C)cccc1C)c1ccc(CCCC)cc1","NC1=C(C)C=CC=C1C*CCCCC1=CC=C(Br)C=C1*N(c1c(C)cccc1C)c1ccc(CCCC)cc1",0.507955685,1.6139516004644463,1.003494924916502
281,"NC1=CC=C(OC)C=C1","FC1=CC=C(Br)C(F)=C1","Fc1c(Nc2ccc(OC)cc2)ccc(F)c1","NC1=CC=C(OC)C=C1*FC1=CC=C(Br)C(F)=C1*Fc1c(Nc2ccc(OC)cc2)ccc(F)c1",5.871444238,6.33262623826231,7.216470993559067
282,"NC1=CC=C(OC)C=C1","CC(C1=CC=CC=C1Br)=O","O=C(C)c1c(Nc2ccc(OC)cc2)cccc1","NC1=CC=C(OC)C=C1*CC(C1=CC=CC=C1Br)=O*O=C(C)c1c(Nc2ccc(OC)cc2)cccc1",0.226852703,2.0112351921445657,2.011491468814203
286,"NC1=CC=C(OC)C=C1","CCCCC1=CC=C(Br)C=C1","O(C)c1ccc(Nc2ccc(CCCC)cc2)cc1","NC1=CC=C(OC)C=C1*CCCCC1=CC=C(Br)C=C1*O(C)c1ccc(Nc2ccc(CCCC)cc2)cc1",4.775795632,5.19336046582811,5.284202664684055
294,"NC1=CC=CC=C1OC","CCCCC1=CC=C(Br)C=C1","O(C)c1c(Nc2ccc(CCCC)cc2)cccc1","NC1=CC=CC=C1OC*CCCCC1=CC=C(Br)C=C1*O(C)c1c(Nc2ccc(CCCC)cc2)cccc1",4.965616232,9.043649853508988,7.440733577980829
307,"NC1=CC(C(C)=O)=CC=C1","CC(C1=CC=C(Br)C=C1)C","O=C(C)c1cc(Nc2ccc(C(C)C)cc2)ccc1","NC1=CC(C(C)=O)=CC=C1*CC(C1=CC=C(Br)C=C1)C*O=C(C)c1cc(Nc2ccc(C(C)C)cc2)ccc1",11.66031277,23.11073838308236,23.463079173420393
308,"NC1=CC(C(C)=O)=CC=C1","CN(C)C1=CC=CC=C1Br","O=C(C)c1cc(Nc2c(N(C)C)cccc2)ccc1","NC1=CC(C(C)=O)=CC=C1*CN(C)C1=CC=CC=C1Br*O=C(C)c1cc(Nc2c(N(C)C)cccc2)ccc1",4.005932192,4.425041279272863,4.090634936171966
317,"CC(C1=CC=CC=C1N)=O","BrC1=CC([N+]([O-])=O)=CC=C1","O=[N+]([O-])c1cc(Nc2c(C(=O)C)cccc2)ccc1","CC(C1=CC=CC=C1N)=O*BrC1=CC([N+]([O-])=O)=CC=C1*O=[N+]([O-])c1cc(Nc2c(C(=O)C)cccc2)ccc1",10.84964568,10.650681496872496,13.48068071328247
323,"CC(C1=CC=C(N)C=C1)=O","CC(C1=CC=C(Br)C=C1)C","O=C(C)c1ccc(Nc2ccc(C(C)C)cc2)cc1","CC(C1=CC=C(N)C=C1)=O*CC(C1=CC=C(Br)C=C1)C*O=C(C)c1ccc(Nc2ccc(C(C)C)cc2)cc1",3.899327699,9.513308327188044,6.222633166256328
324,"CC(C1=CC=C(N)C=C1)=O","CN(C)C1=CC=CC=C1Br","O=C(C)c1ccc(Nc2c(N(C)C)cccc2)cc1","CC(C1=CC=C(N)C=C1)=O*CN(C)C1=CC=CC=C1Br*O=C(C)c1ccc(Nc2c(N(C)C)cccc2)cc1",0.333384989,2.2081040508607463,2.2897494430169
326,"CC(C1=CC=C(N)C=C1)=O","CCCCC1=CC=C(Br)C=C1","O=C(C)c1ccc(Nc2ccc(CCCC)cc2)cc1","CC(C1=CC=C(N)C=C1)=O*CCCCC1=CC=C(Br)C=C1*O=C(C)c1ccc(Nc2ccc(CCCC)cc2)cc1",4.193665847,5.809170982388457,5.279135802523184
335,"NC1=CC=C([N+]([O-])=O)C=C1","O=C(OC)C1=CC=CC=C1Br","O=[N+]([O-])c1ccc(Nc2c(C(=O)OC)cccc2)cc1","NC1=CC=C([N+]([O-])=O)C=C1*O=C(OC)C1=CC=CC=C1Br*O=[N+]([O-])c1ccc(Nc2c(C(=O)OC)cccc2)cc1",1.950932812,2.6897932246223633,3.2161586738117336
341,"N#CC1=CC=CC(OC)=C1N","BrC1=CC([N+]([O-])=O)=CC=C1","O=[N+]([O-])c1cc(Nc2c(OC)cccc2C#N)ccc1","N#CC1=CC=CC(OC)=C1N*BrC1=CC([N+]([O-])=O)=CC=C1*O=[N+]([O-])c1cc(Nc2c(OC)cccc2C#N)ccc1",10.90272356,7.654536648756062,10.38097312373109
345,"NC1=CC=C(C(C)(C)C)C=C1","FC1=CC=C(Br)C(F)=C1","Fc1c(Nc2ccc(C(C)(C)C)cc2)ccc(F)c1","NC1=CC=C(C(C)(C)C)C=C1*FC1=CC=C(Br)C(F)=C1*Fc1c(Nc2ccc(C(C)(C)C)cc2)ccc(F)c1",7.225866785,6.126914331221096,7.013909112159294
364,"FC(F)(F)C1=CC=C(N)C=C1","CN(C)C1=CC=CC=C1Br","FC(F)(F)c1ccc(Nc2c(N(C)C)cccc2)cc1","FC(F)(F)C1=CC=C(N)C=C1*CN(C)C1=CC=CC=C1Br*FC(F)(F)c1ccc(Nc2c(N(C)C)cccc2)cc1",0.796996478,2.3802878087078128,1.880336485191932
368,"FC(F)(F)C1=CC=C(N)C=C1","O=C(OC)C1=CC=C(Br)C=C1","FC(F)(F)c1ccc(Nc2ccc(C(=O)OC)cc2)cc1","FC(F)(F)C1=CC=C(N)C=C1*O=C(OC)C1=CC=C(Br)C=C1*FC(F)(F)c1ccc(Nc2ccc(C(=O)OC)cc2)cc1",2.383982592,2.24776662354346,1.948938005263025
373,"O=C(O)C1=CC=C(OC)C(N)=C1","BrC1=CC([N+]([O-])=O)=CC=C1","O=[N+]([O-])c1cc(Nc2c(OC)ccc(C(=O)O)c2)ccc1","O=C(O)C1=CC=C(OC)C(N)=C1*BrC1=CC([N+]([O-])=O)=CC=C1*O=[N+]([O-])c1cc(Nc2c(OC)ccc(C(=O)O)c2)ccc1",16.17537425,11.86240350753243,13.24246676587403
386,"NC1=CC=CC=C1C","O=C(O)CC1=CC=CC(Br)=C1","O=C(O)Cc1cc(Nc2c(C)cccc2)ccc1","NC1=CC=CC=C1C*O=C(O)CC1=CC=CC(Br)=C1*O=C(O)Cc1cc(Nc2c(C)cccc2)ccc1",4.078850824,3.049961340359802,3.4200382835201943
417,"NC1=CC=CC=C1F","O=C(O)C1=CC(Br)=CC=C1C","Fc1c(Nc2cc(C(=O)O)c(C)cc2)cccc1","NC1=CC=CC=C1F*O=C(O)C1=CC(Br)=CC=C1C*Fc1c(Nc2cc(C(=O)O)c(C)cc2)cccc1",14.29067652,7.082332523133643,8.407624182229213
419,"NC1=CC=CC=C1F","COC1=CC(Br)=CC=C1OC","Fc1c(Nc2cc(OC)c(OC)cc2)cccc1","NC1=CC=CC=C1F*COC1=CC(Br)=CC=C1OC*Fc1c(Nc2cc(OC)c(OC)cc2)cccc1",5.104751638,5.336267187868374,6.345178784332671
427,"FC1=CC(N)=CC=C1","COC1=CC(Br)=CC=C1OC","Fc1cc(Nc2cc(OC)c(OC)cc2)ccc1","FC1=CC(N)=CC=C1*COC1=CC(Br)=CC=C1OC*Fc1cc(Nc2cc(OC)c(OC)cc2)ccc1",4.78168102,3.726250144509367,4.243833357558911
434,"NC1=CC=C(F)C=C1","O=C(O)CC1=CC=CC(Br)=C1","Fc1ccc(Nc2cc(CC(=O)O)ccc2)cc1","NC1=CC=C(F)C=C1*O=C(O)CC1=CC=CC(Br)=C1*Fc1ccc(Nc2cc(CC(=O)O)ccc2)cc1",4.015804845,4.5844298800395284,3.9982876471202378
437,"NC1=CC=C(F)C=C1","FC(C1=CC=C(Br)C=C1)(F)F","FC(F)(F)c1ccc(Nc2ccc(F)cc2)cc1","NC1=CC=C(F)C=C1*FC(C1=CC=C(Br)C=C1)(F)F*FC(F)(F)c1ccc(Nc2ccc(F)cc2)cc1",5.887188125,2.873780741498287,3.2016169998826745
439,"NC1=CC=C(F)C=C1","O=C(OC)C1=CC(Br)=CC(C(OC)=O)=C1","Fc1ccc(Nc2cc(C(=O)OC)cc(C(=O)OC)c2)cc1","NC1=CC=C(F)C=C1*O=C(OC)C1=CC(Br)=CC(C(OC)=O)=C1*Fc1ccc(Nc2cc(C(=O)OC)cc(C(=O)OC)c2)cc1",10.38613027,10.378458642365295,10.79355432807696
446,"NC1=CC=CC=C1C#C","CCCCCC1=CC=C(Br)C=C1","N(c1c(C#C)cccc1)c1ccc(CCCCC)cc1","NC1=CC=CC=C1C#C*CCCCCC1=CC=C(Br)C=C1*N(c1c(C#C)cccc1)c1ccc(CCCCC)cc1",0.415621867,1.9626029360245576,1.2607522422861521
450,"C#CC1=CC=CC(N)=C1","O=C(O)CC1=CC=CC(Br)=C1","O=C(O)Cc1cc(Nc2cc(C#C)ccc2)ccc1","C#CC1=CC=CC(N)=C1*O=C(O)CC1=CC=CC(Br)=C1*O=C(O)Cc1cc(Nc2cc(C#C)ccc2)ccc1",0.451553522,0.00004503707102410104,1.4010080085734486
1043,"CC1=C(N)C=NC=C1","FC1=CC=CC=C1Br","Fc1c(Nc2c(C)ccnc2)cccc1","CC1=C(N)C=NC=C1*FC1=CC=CC=C1Br*Fc1c(Nc2c(C)ccnc2)cccc1",1.614945604,3.2394485563882234,2.2436923437912966
1053,"CC1=NC=CC(N)=C1","FC1=CC(Br)=CC=C1","Fc1cc(Nc2cc(C)ncc2)ccc1","CC1=NC=CC(N)=C1*FC1=CC(Br)=CC=C1*Fc1cc(Nc2cc(C)ncc2)ccc1",1.808421851,1.045140749224287,1.1339864863175504
1064,"FC1=CC=CC(N)=N1","OCC1=CC=CC(Br)=C1","Fc1nc(Nc2cc(CO)ccc2)ccc1","FC1=CC=CC(N)=N1*OCC1=CC=CC(Br)=C1*Fc1nc(Nc2cc(CO)ccc2)ccc1",6.552753569,4.557938907806907,4.5410050601654435
1066,"FC1=NC=C(N)C=C1","OC1=CC=CC=C1Br","Fc1ncc(Nc2c(O)cccc2)cc1","FC1=NC=C(N)C=C1*OC1=CC=CC=C1Br*Fc1ncc(Nc2c(O)cccc2)cc1",0.32781339,1.415480853130339,0.8185169210330083
1077,"FC1=C(N)C=CN=C1","FC1=CC(Br)=CC=C1","Fc1c(Nc2cc(F)ccc2)ccnc1","FC1=C(N)C=CN=C1*FC1=CC(Br)=CC=C1*Fc1c(Nc2cc(F)ccc2)ccnc1",3.773947111,3.5240847779168165,3.553111458839807
1083,"N#CC1=CC(N)=NC=C1","FC1=CC=CC=C1Br","Fc1c(Nc2nccc(C#N)c2)cccc1","N#CC1=CC(N)=NC=C1*FC1=CC=CC=C1Br*Fc1c(Nc2nccc(C#N)c2)cccc1",2.346475291,3.216636174734142,2.657356870525596
1085,"N#CC1=CC(N)=NC=C1","FC1=CC(Br)=CC=C1","Fc1cc(Nc2nccc(C#N)c2)ccc1","N#CC1=CC(N)=NC=C1*FC1=CC(Br)=CC=C1*Fc1cc(Nc2nccc(C#N)c2)ccc1",4.207803223,2.884315142959405,2.8346303577372582
1088,"N#CC1=CC(N)=NC=C1","OCC1=CC=CC(Br)=C1","OCc1cc(Nc2nccc(C#N)c2)ccc1","N#CC1=CC(N)=NC=C1*OCC1=CC=CC(Br)=C1*OCc1cc(Nc2nccc(C#N)c2)ccc1",4.152507324,3.179759050670927,3.195187170385826
1090,"N#CC1=NC=CC(N)=C1","OC1=CC=CC=C1Br","Oc1c(Nc2cc(C#N)ncc2)cccc1","N#CC1=NC=CC(N)=C1*OC1=CC=CC=C1Br*Oc1c(Nc2cc(C#N)ncc2)cccc1",0.852511507,2.038729132687189,1.5114203430158577
1097,"CC1=CC(C)=C(N)C=N1","CC1=CC=C(Br)C=C1","N(c1c(C)cc(C)nc1)c1ccc(C)cc1","CC1=CC(C)=C(N)C=N1*CC1=CC=C(Br)C=C1*N(c1c(C)cc(C)nc1)c1ccc(C)cc1",5.47288277,4.489588198141612,5.107629223661334
1101,"CC1=CC(C)=C(N)C=N1","FC1=CC(Br)=CC=C1","Fc1cc(Nc2c(C)cc(C)nc2)ccc1","CC1=CC(C)=C(N)C=N1*FC1=CC(Br)=CC=C1*Fc1cc(Nc2c(C)cc(C)nc2)ccc1",3.891186072,3.278292419404498,3.527594654539586
1104,"CC1=CC(C)=C(N)C=N1","OCC1=CC=CC(Br)=C1","OCc1cc(Nc2c(C)cc(C)nc2)ccc1","CC1=CC(C)=C(N)C=N1*OCC1=CC=CC(Br)=C1*OCc1cc(Nc2c(C)cc(C)nc2)ccc1",2.885195277,3.590962460440157,3.7314921776501686
1106,"O=CC1=C(N)C=NC=C1","OC1=CC=CC=C1Br","O=Cc1c(Nc2c(O)cccc2)cncc1","O=CC1=C(N)C=NC=C1*OC1=CC=CC=C1Br*O=Cc1c(Nc2c(O)cccc2)cncc1",0.085725758,1.6558118845235028,0.93643753327544
1110,"O=CC1=C(N)C=NC=C1","CC1=CC=C(Br)C=C1C","O=Cc1c(Nc2cc(C)c(C)cc2)cncc1","O=CC1=C(N)C=NC=C1*CC1=CC=C(Br)C=C1C*O=Cc1c(Nc2cc(C)c(C)cc2)cncc1",0.165603591,0.06732927866139127,1.072196386511445
1114,"COC1=NC=C(N)C=C1","OC1=CC=CC=C1Br","O(C)c1ncc(Nc2c(O)cccc2)cc1","COC1=NC=C(N)C=C1*OC1=CC=CC=C1Br*O(C)c1ncc(Nc2c(O)cccc2)cc1",0.157700205,1.868039760269222,1.2031247023932048
1115,"COC1=NC=C(N)C=C1","FC1=CC=CC=C1Br","Fc1c(Nc2cnc(OC)cc2)cccc1","COC1=NC=C(N)C=C1*FC1=CC=CC=C1Br*Fc1c(Nc2cnc(OC)cc2)cccc1",5.329260586,5.642390170823944,5.9379805744063425
1128,"N#CCC1=NC=CC=C1N","OCC1=CC=CC(Br)=C1","OCc1cc(Nc2c(CC#N)nccc2)ccc1","N#CCC1=NC=CC=C1N*OCC1=CC=CC(Br)=C1*OCc1cc(Nc2c(CC#N)nccc2)ccc1",0.031514382,-0.031829111789934306,1.4877158898794025
1145,"CCOC1=CC(N)=NC=C1","CC1=CC=C(Br)C=C1","O(CC)c1cc(Nc2ccc(C)cc2)ncc1","CCOC1=CC(N)=NC=C1*CC1=CC=C(Br)C=C1*O(CC)c1cc(Nc2ccc(C)cc2)ncc1",3.578192579,3.1408711842307513,4.098371293830658
1149,"CCOC1=CC(N)=NC=C1","FC1=CC(Br)=CC=C1","Fc1cc(Nc2nccc(OCC)c2)ccc1","CCOC1=CC(N)=NC=C1*FC1=CC(Br)=CC=C1*Fc1cc(Nc2nccc(OCC)c2)ccc1",3.62991008,2.8898875434209574,3.3754168529396225
1154,"O=[N+](C1=CN=C(N)C=C1)[O-]","OC1=CC=CC=C1Br","O=[N+]([O-])c1cnc(Nc2c(O)cccc2)cc1","O=[N+](C1=CN=C(N)C=C1)[O-]*OC1=CC=CC=C1Br*O=[N+]([O-])c1cnc(Nc2c(O)cccc2)cc1",0.308270677,2.045690510790151,1.8783234424289392
1158,"O=[N+](C1=CN=C(N)C=C1)[O-]","CC1=CC=C(Br)C=C1C","O=[N+]([O-])c1cnc(Nc2cc(C)c(C)cc2)cc1","O=[N+](C1=CN=C(N)C=C1)[O-]*CC1=CC=C(Br)C=C1C*O=[N+]([O-])c1cnc(Nc2cc(C)c(C)cc2)cc1",49.24169987,2.971333826916787,3.5985224399856537
1159,"O=[N+](C1=CN=C(N)C=C1)[O-]","COC1=CC(Br)=CC=C1","O=[N+]([O-])c1cnc(Nc2cc(OC)ccc2)cc1","O=[N+](C1=CN=C(N)C=C1)[O-]*COC1=CC(Br)=CC=C1*O=[N+]([O-])c1cnc(Nc2cc(OC)ccc2)cc1",2.303359684,3.5232552609912466,3.717725050530952
1168,"O=C(OC)C1=CC=NC=C1N","OCC1=CC=CC(Br)=C1","O=C(OC)c1c(Nc2cc(CO)ccc2)cncc1","O=C(OC)C1=CC=NC=C1N*OCC1=CC=CC(Br)=C1*O=C(OC)c1c(Nc2cc(CO)ccc2)cncc1",1.733413462,2.5393613704685745,2.70883295040768
1170,"O=C(C1=C(N)C=CN=C1)OC","OC1=CC=CC=C1Br","O=C(OC)c1c(Nc2c(O)cccc2)ccnc1","O=C(C1=C(N)C=CN=C1)OC*OC1=CC=CC=C1Br*O=C(OC)c1c(Nc2c(O)cccc2)ccnc1",0.832822757,1.1753717520490254,1.051545388355279
1174,"O=C(C1=C(N)C=CN=C1)OC","CC1=CC=C(Br)C=C1C","O=C(OC)c1c(Nc2cc(C)c(C)cc2)ccnc1","O=C(C1=C(N)C=CN=C1)OC*CC1=CC=C(Br)C=C1C*O=C(OC)c1c(Nc2cc(C)c(C)cc2)ccnc1",2.583091915,1.7005609068125094,2.31058465426443
1176,"O=C(C1=C(N)C=CN=C1)OC","OCC1=CC=CC(Br)=C1","O=C(OC)c1c(Nc2cc(CO)ccc2)ccnc1","O=C(C1=C(N)C=CN=C1)OC*OCC1=CC=CC(Br)=C1*O=C(OC)c1c(Nc2cc(CO)ccc2)ccnc1",1.607528756,2.3237773909346977,2.39246363809529
1183,"O=C(C1=NC=CC(N)=C1)OC","COC1=CC(Br)=CC=C1","O=C(OC)c1nccc(Nc2cc(OC)ccc2)c1","O=C(C1=NC=CC(N)=C1)OC*COC1=CC(Br)=CC=C1*O=C(OC)c1nccc(Nc2cc(OC)ccc2)c1",3.070876999,2.69281524858558,2.2797070053012636
1187,"O=C(OC)C1=CC=NC(N)=C1","FC1=CC=CC=C1Br","Fc1c(Nc2nccc(C(=O)OC)c2)cccc1","O=C(OC)C1=CC=NC(N)=C1*FC1=CC=CC=C1Br*Fc1c(Nc2nccc(C(=O)OC)c2)cccc1",2.592892768,4.309107836144588,4.383778548955773
1204,"FC(C1=NC=C(N)C=C1)(F)F","N#CC1=CC=C(Br)C=C1","FC(F)(F)c1ncc(Nc2ccc(C#N)cc2)cc1","FC(C1=NC=C(N)C=C1)(F)F*N#CC1=CC=C(Br)C=C1*FC(F)(F)c1ncc(Nc2ccc(C#N)cc2)cc1",2.500845206,2.0276815401560153,2.2778103939580348
1212,"FC(C1=NC=CC(N)=C1)(F)F","N#CC1=CC=C(Br)C=C1","FC(F)(F)c1nccc(Nc2ccc(C#N)cc2)c1","FC(C1=NC=CC(N)=C1)(F)F*N#CC1=CC=C(Br)C=C1*FC(F)(F)c1nccc(Nc2ccc(C#N)cc2)c1",1.281126265,2.0162422898208003,2.298145077646736
1224,"O=C(OCC)C1=NC=CC(N)=C1","OCC1=CC=CC(Br)=C1","O=C(OCC)c1nccc(Nc2cc(CO)ccc2)c1","O=C(OCC)C1=NC=CC(N)=C1*OCC1=CC=CC(Br)=C1*O=C(OCC)c1nccc(Nc2cc(CO)ccc2)c1",0.880132619,2.111574477793842,2.2635937349663844
1233,"CC1=C(N)C=NC=C1","FC1=CC=C(Br)C(F)=C1","Fc1c(Nc2c(C)ccnc2)ccc(F)c1","CC1=C(N)C=NC=C1*FC1=CC=C(Br)C(F)=C1*Fc1c(Nc2c(C)ccnc2)ccc(F)c1",1.508006626,3.1778843499352516,2.4472411591271443
1242,"CC1=NC=CC(N)=C1","CC(C1=CC=CC=C1Br)=O","O=C(C)c1c(Nc2cc(C)ncc2)cccc1","CC1=NC=CC(N)=C1*CC(C1=CC=CC=C1Br)=O*O=C(C)c1c(Nc2cc(C)ncc2)cccc1",0.023246073,4.105006244878053,2.3126166467420637
1245,"CC1=NC=CC(N)=C1","BrC1=CC([N+]([O-])=O)=CC=C1","O=[N+]([O-])c1cc(Nc2cc(C)ncc2)ccc1","CC1=NC=CC(N)=C1*BrC1=CC([N+]([O-])=O)=CC=C1*O=[N+]([O-])c1cc(Nc2cc(C)ncc2)ccc1",5.817114532,4.083592976229583,3.8047853464218058
1251,"FC1=CC=CC(N)=N1","CC(C1=CC=C(Br)C=C1)C","Fc1nc(Nc2ccc(C(C)C)cc2)ccc1","FC1=CC=CC(N)=N1*CC(C1=CC=C(Br)C=C1)C*Fc1nc(Nc2ccc(C(C)C)cc2)ccc1",5.726327684,5.529745596438611,6.799289745984151
1254,"FC1=CC=CC(N)=N1","CCCCC1=CC=C(Br)C=C1","Fc1nc(Nc2ccc(CCCC)cc2)ccc1","FC1=CC=CC(N)=N1*CCCCC1=CC=C(Br)C=C1*Fc1nc(Nc2ccc(CCCC)cc2)ccc1",6.748695849,5.432852243513241,5.948605715847182
1256,"FC1=CC=CC(N)=N1","O=C(OC)C1=CC=C(Br)C=C1","Fc1nc(Nc2ccc(C(=O)OC)cc2)ccc1","FC1=CC=CC(N)=N1*O=C(OC)C1=CC=C(Br)C=C1*Fc1nc(Nc2ccc(C(=O)OC)cc2)ccc1",1.058515101,2.4217738359027137,2.173221179278579
1269,"FC1=C(N)C=CN=C1","BrC1=CC([N+]([O-])=O)=CC=C1","Fc1c(Nc2cc([N+](=O)[O-])ccc2)ccnc1","FC1=C(N)C=CN=C1*BrC1=CC([N+]([O-])=O)=CC=C1*Fc1c(Nc2cc([N+](=O)[O-])ccc2)ccnc1",9.156404672,5.986935157884037,6.6183917614298515
1277,"N#CC1=CC(N)=NC=C1","BrC1=CC([N+]([O-])=O)=CC=C1","O=[N+]([O-])c1cc(Nc2nccc(C#N)c2)ccc1","N#CC1=CC(N)=NC=C1*BrC1=CC([N+]([O-])=O)=CC=C1*O=[N+]([O-])c1cc(Nc2nccc(C#N)c2)ccc1",6.546981954,6.048768076756879,5.377990815331462
1281,"N#CC1=NC=CC(N)=C1","FC1=CC=C(Br)C(F)=C1","Fc1c(Nc2cc(C#N)ncc2)ccc(F)c1","N#CC1=NC=CC(N)=C1*FC1=CC=C(Br)C(F)=C1*Fc1c(Nc2cc(C#N)ncc2)ccc(F)c1",2.130850843,3.1696233220524435,3.5622774893353824
1282,"N#CC1=NC=CC(N)=C1","CC(C1=CC=CC=C1Br)=O","O=C(C)c1c(Nc2cc(C#N)ncc2)cccc1","N#CC1=NC=CC(N)=C1*CC(C1=CC=CC=C1Br)=O*O=C(C)c1c(Nc2cc(C#N)ncc2)cccc1",1.357236269,2.7742593455758744,1.4787585055357448
1283,"N#CC1=NC=CC(N)=C1","CC(C1=CC=C(Br)C=C1)C","N#Cc1nccc(Nc2ccc(C(C)C)cc2)c1","N#CC1=NC=CC(N)=C1*CC(C1=CC=C(Br)C=C1)C*N#Cc1nccc(Nc2ccc(C(C)C)cc2)c1",2.962430939,2.8581235397763485,2.7840183119592763
1287,"N#CC1=NC=CC(N)=C1","O=C(OC)C1=CC=CC=C1Br","O=C(OC)c1c(Nc2cc(C#N)ncc2)cccc1","N#CC1=NC=CC(N)=C1*O=C(OC)C1=CC=CC=C1Br*O=C(OC)c1c(Nc2cc(C#N)ncc2)cccc1",0.818747711,2.535287090716411,1.8023924824897462
1288,"N#CC1=NC=CC(N)=C1","O=C(OC)C1=CC=C(Br)C=C1","O=C(OC)c1ccc(Nc2cc(C#N)ncc2)cc1","N#CC1=NC=CC(N)=C1*O=C(OC)C1=CC=C(Br)C=C1*O=C(OC)c1ccc(Nc2cc(C#N)ncc2)cc1",3.274334525,2.453548225448616,2.3052382838126073
1290,"CC1=CC(C)=C(N)C=N1","CC(C1=CC=CC=C1Br)=O","O=C(C)c1c(Nc2c(C)cc(C)nc2)cccc1","CC1=CC(C)=C(N)C=N1*CC(C1=CC=CC=C1Br)=O*O=C(C)c1c(Nc2c(C)cc(C)nc2)cccc1",0.007760293,1.4404642297962513,1.5567320260626596
1299,"O=CC1=C(N)C=NC=C1","CC(C1=CC=C(Br)C=C1)C","O=Cc1c(Nc2ccc(C(C)C)cc2)cncc1","O=CC1=C(N)C=NC=C1*CC(C1=CC=C(Br)C=C1)C*O=Cc1c(Nc2ccc(C(C)C)cc2)cncc1",0.211838006,0.49685735857754,1.2172415109654025
1310,"COC1=NC=C(N)C=C1","CCCCC1=CC=C(Br)C=C1","O(C)c1ncc(Nc2ccc(CCCC)cc2)cc1","COC1=NC=C(N)C=C1*CCCCC1=CC=C(Br)C=C1*O(C)c1ncc(Nc2ccc(CCCC)cc2)cc1",4.436886228,3.497589105266696,3.857279859585334
1329,"CCOC1=NC=CC(N)=C1","FC1=CC=C(Br)C(F)=C1","Fc1c(Nc2cc(OCC)ncc2)ccc(F)c1","CCOC1=NC=CC(N)=C1*FC1=CC=C(Br)C(F)=C1*Fc1c(Nc2cc(OCC)ncc2)ccc(F)c1",3.193259829,2.7342359083754104,3.459055564824381
1352,"O=[N+](C1=CN=C(N)C=C1)[O-]","O=C(OC)C1=CC=C(Br)C=C1","O=[N+]([O-])c1cnc(Nc2ccc(C(=O)OC)cc2)cc1","O=[N+](C1=CN=C(N)C=C1)[O-]*O=C(OC)C1=CC=C(Br)C=C1*O=[N+]([O-])c1cnc(Nc2ccc(C(=O)OC)cc2)cc1",1.623631729,2.062628184816301,2.800524242246568
1353,"O=C(OC)C1=CC=NC=C1N","FC1=CC=C(Br)C(F)=C1","Fc1c(Nc2c(C(=O)OC)ccnc2)ccc(F)c1","O=C(OC)C1=CC=NC=C1N*FC1=CC=C(Br)C(F)=C1*Fc1c(Nc2c(C(=O)OC)ccnc2)ccc(F)c1",4.136128237,1.6230082886011734,2.3071385393317287
1355,"O=C(OC)C1=CC=NC=C1N","CC(C1=CC=C(Br)C=C1)C","O=C(OC)c1c(Nc2ccc(C(C)C)cc2)cncc1","O=C(OC)C1=CC=NC=C1N*CC(C1=CC=C(Br)C=C1)C*O=C(OC)c1c(Nc2ccc(C(C)C)cc2)cncc1",3.064573762,2.55622670760326,2.7128165812845184
1377,"O=C(OC)C1=CC=NC(N)=C1","FC1=CC=C(Br)C(F)=C1","Fc1c(Nc2nccc(C(=O)OC)c2)ccc(F)c1","O=C(OC)C1=CC=NC(N)=C1*FC1=CC=C(Br)C(F)=C1*Fc1c(Nc2nccc(C(=O)OC)c2)ccc(F)c1",2.1117044,4.421993472765207,4.698114866642158
1385,"NC1=NC=C(C(F)(F)F)C=C1","FC1=CC=C(Br)C(F)=C1","FC(F)(F)c1cnc(Nc2c(F)cc(F)cc2)cc1","NC1=NC=C(C(F)(F)F)C=C1*FC1=CC=C(Br)C(F)=C1*FC(F)(F)c1cnc(Nc2c(F)cc(F)cc2)cc1",0.901885411,3.836779456997924,3.1391384241460867
1435,"CC1=NC=CC(N)=C1","COC1=CC(Br)=CC=C1OC","O(C)c1c(OC)ccc(Nc2cc(C)ncc2)c1","CC1=NC=CC(N)=C1*COC1=CC(Br)=CC=C1OC*O(C)c1c(OC)ccc(Nc2cc(C)ncc2)c1",3.780634105,2.119106807154754,1.917047913132537
1442,"FC1=CC=CC(N)=N1","O=C(O)CC1=CC=CC(Br)=C1","Fc1nc(Nc2cc(CC(=O)O)ccc2)ccc1","FC1=CC=CC(N)=N1*O=C(O)CC1=CC=CC(Br)=C1*Fc1nc(Nc2cc(CC(=O)O)ccc2)ccc1",4.862489121,4.595057754612288,4.382110063023411
1443,"FC1=CC=CC(N)=N1","COC1=CC(Br)=CC=C1OC","Fc1nc(Nc2cc(OC)c(OC)cc2)ccc1","FC1=CC=CC(N)=N1*COC1=CC(Br)=CC=C1OC*Fc1nc(Nc2cc(OC)c(OC)cc2)ccc1",5.812049314,5.597251039505649,6.463474382274436
1446,"FC1=CC=CC(N)=N1","CCCCCC1=CC=C(Br)C=C1","Fc1nc(Nc2ccc(CCCCC)cc2)ccc1","FC1=CC=CC(N)=N1*CCCCCC1=CC=C(Br)C=C1*Fc1nc(Nc2ccc(CCCCC)cc2)ccc1",5.595238095,5.497488262482561,5.9592221112658805
1448,"FC1=CC=CC(N)=N1","FC(C1=CC=C(C(F)(F)F)C(Br)=C1)(F)F","FC(F)(F)c1c(Nc2nc(F)ccc2)cc(C(F)(F)F)cc1","FC1=CC=CC(N)=N1*FC(C1=CC=C(C(F)(F)F)C(Br)=C1)(F)F*FC(F)(F)c1c(Nc2nc(F)ccc2)cc(C(F)(F)F)cc1",3.810243056,3.1190885100272823,2.7718017589062
1451,"FC1=NC=C(N)C=C1","COC1=CC(Br)=CC=C1OC","Fc1ncc(Nc2cc(OC)c(OC)cc2)cc1","FC1=NC=C(N)C=C1*COC1=CC(Br)=CC=C1OC*Fc1ncc(Nc2cc(OC)c(OC)cc2)cc1",2.813159101,2.076257402654088,1.5870903799611507
1471,"N#CC1=CC(N)=NC=C1","O=C(OC)C1=CC(Br)=CC(C(OC)=O)=C1","O=C(OC)c1cc(Nc2nccc(C#N)c2)cc(C(=O)OC)c1","N#CC1=CC(N)=NC=C1*O=C(OC)C1=CC(Br)=CC(C(OC)=O)=C1*O=C(OC)c1cc(Nc2nccc(C#N)c2)cc(C(=O)OC)c1",7.929476037,3.95691094520211,3.766995789043418
1472,"N#CC1=CC(N)=NC=C1","FC(C1=CC=C(C(F)(F)F)C(Br)=C1)(F)F","FC(F)(F)c1c(Nc2nccc(C#N)c2)cc(C(F)(F)F)cc1","N#CC1=CC(N)=NC=C1*FC(C1=CC=C(C(F)(F)F)C(Br)=C1)(F)F*FC(F)(F)c1c(Nc2nccc(C#N)c2)cc(C(F)(F)F)cc1",2.438300468,2.2310745669724614,1.9244499632052943
1481,"CC1=CC(C)=C(N)C=N1","O=C(O)C1=CC(Br)=CC=C1C","O=C(O)c1c(C)ccc(Nc2c(C)cc(C)nc2)c1","CC1=CC(C)=C(N)C=N1*O=C(O)C1=CC(Br)=CC=C1C*O=C(O)c1c(C)ccc(Nc2c(C)cc(C)nc2)c1",3.550823396,3.4380853927326545,4.084942642323552
1498,"COC1=NC=C(N)C=C1","O=C(O)CC1=CC=CC(Br)=C1","O=C(O)Cc1cc(Nc2cnc(OC)cc2)ccc1","COC1=NC=C(N)C=C1*O=C(O)CC1=CC=CC(Br)=C1*O=C(O)Cc1cc(Nc2cnc(OC)cc2)ccc1",3.926979925,3.9231967608286533,4.473628074298613
1499,"COC1=NC=C(N)C=C1","COC1=CC(Br)=CC=C1OC","O(C)c1c(OC)ccc(Nc2cnc(OC)cc2)c1","COC1=NC=C(N)C=C1*COC1=CC(Br)=CC=C1OC*O(C)c1c(OC)ccc(Nc2cnc(OC)cc2)c1",5.096811195,5.115775050033742,4.98124000216682
1503,"COC1=NC=C(N)C=C1","O=C(OC)C1=CC(Br)=CC(C(OC)=O)=C1","O=C(OC)c1cc(Nc2cnc(OC)cc2)cc(C(=O)OC)c1","COC1=NC=C(N)C=C1*O=C(OC)C1=CC(Br)=CC(C(OC)=O)=C1*O=C(OC)c1cc(Nc2cnc(OC)cc2)cc(C(=O)OC)c1",5.140350877,6.574687888786801,6.712039429096604
1504,"COC1=NC=C(N)C=C1","FC(C1=CC=C(C(F)(F)F)C(Br)=C1)(F)F","FC(F)(F)c1c(Nc2cnc(OC)cc2)cc(C(F)(F)F)cc1","COC1=NC=C(N)C=C1*FC(C1=CC=C(C(F)(F)F)C(Br)=C1)(F)F*FC(F)(F)c1c(Nc2cnc(OC)cc2)cc(C(F)(F)F)cc1",2.934029228,3.3995804266863288,3.1560807900486987
1515,"O=C(C1=CC=CN=C1N)C","COC1=CC(Br)=CC=C1OC","O=C(C)c1c(Nc2cc(OC)c(OC)cc2)nccc1","O=C(C1=CC=CN=C1N)C*COC1=CC(Br)=CC=C1OC*O=C(C)c1c(Nc2cc(OC)c(OC)cc2)nccc1",4.296151846,2.699291313564064,3.071113230492386
1519,"O=C(C1=CC=CN=C1N)C","O=C(OC)C1=CC(Br)=CC(C(OC)=O)=C1","O=C(OC)c1cc(Nc2c(C(=O)C)cccn2)cc(C(=O)OC)c1","O=C(C1=CC=CN=C1N)C*O=C(OC)C1=CC(Br)=CC(C(OC)=O)=C1*O=C(OC)c1cc(Nc2c(C(=O)C)cccn2)cc(C(=O)OC)c1",3.90555694,1.8955520127957048,2.307960938726259
1521,"CCOC1=NC=CC(N)=C1","O=C(O)C1=CC(Br)=CC=C1C","O=C(O)c1c(C)ccc(Nc2cc(OCC)ncc2)c1","CCOC1=NC=CC(N)=C1*O=C(O)C1=CC(Br)=CC=C1C*O=C(O)c1c(C)ccc(Nc2cc(OCC)ncc2)c1",2.633048696,3.176836011635389,3.639167994951208
1523,"CCOC1=NC=CC(N)=C1","COC1=CC(Br)=CC=C1OC","O(CC)c1nccc(Nc2cc(OC)c(OC)cc2)c1","CCOC1=NC=CC(N)=C1*COC1=CC(Br)=CC=C1OC*O(CC)c1nccc(Nc2cc(OC)c(OC)cc2)c1",5.784973438,3.7679656636810956,3.2594439900774357
1527,"CCOC1=NC=CC(N)=C1","O=C(OC)C1=CC(Br)=CC(C(OC)=O)=C1","O=C(OC)c1cc(Nc2cc(OCC)ncc2)cc(C(=O)OC)c1","CCOC1=NC=CC(N)=C1*O=C(OC)C1=CC(Br)=CC(C(OC)=O)=C1*O=C(OC)c1cc(Nc2cc(OCC)ncc2)cc(C(=O)OC)c1",4.72611465,3.96641550255602,4.35909709226255
1531,"CCOC1=CC(N)=NC=C1","COC1=CC(Br)=CC=C1OC","O(CC)c1cc(Nc2cc(OC)c(OC)cc2)ncc1","CCOC1=CC(N)=NC=C1*COC1=CC(Br)=CC=C1OC*O(CC)c1cc(Nc2cc(OC)c(OC)cc2)ncc1",3.722748815,3.954710364037252,4.262581640377228
1545,"O=C(OC)C1=CC=NC=C1N","O=C(O)C1=CC(Br)=CC=C1C","O=C(OC)c1c(Nc2cc(C(=O)O)c(C)cc2)cncc1","O=C(OC)C1=CC=NC=C1N*O=C(O)C1=CC(Br)=CC=C1C*O=C(OC)c1c(Nc2cc(C(=O)O)c(C)cc2)cncc1",2.642927551,2.3860932542176876,2.3203042179959947
1546,"O=C(OC)C1=CC=NC=C1N","O=C(O)CC1=CC=CC(Br)=C1","O=C(O)Cc1cc(Nc2c(C(=O)OC)ccnc2)ccc1","O=C(OC)C1=CC=NC=C1N*O=C(O)CC1=CC=CC(Br)=C1*O=C(O)Cc1cc(Nc2c(C(=O)OC)ccnc2)ccc1",2.567842766,1.6917354416361585,2.6223391644354077
1548,"O=C(OC)C1=CC=NC=C1N","COC1=CC=C(Br)C(OC)=C1","O=C(OC)c1c(Nc2c(OC)cc(OC)cc2)cncc1","O=C(OC)C1=CC=NC=C1N*COC1=CC=C(Br)C(OC)=C1*O=C(OC)c1c(Nc2c(OC)cc(OC)cc2)cncc1",3.954657467,3.1486586742324336,3.484270345591835
1560,"O=C(C1=C(N)C=CN=C1)OC","FC(C1=CC=C(C(F)(F)F)C(Br)=C1)(F)F","FC(F)(F)c1c(Nc2c(C(=O)OC)cncc2)cc(C(F)(F)F)cc1","O=C(C1=C(N)C=CN=C1)OC*FC(C1=CC=C(C(F)(F)F)C(Br)=C1)(F)F*FC(F)(F)c1c(Nc2c(C(=O)OC)cncc2)cc(C(F)(F)F)cc1",2.437024715,1.220188920427221,1.441393312440033
1568,"O=C(C1=NC=CC(N)=C1)OC","FC(C1=CC=C(C(F)(F)F)C(Br)=C1)(F)F","FC(F)(F)c1c(Nc2cc(C(=O)OC)ncc2)cc(C(F)(F)F)cc1","O=C(C1=NC=CC(N)=C1)OC*FC(C1=CC=C(C(F)(F)F)C(Br)=C1)(F)F*FC(F)(F)c1c(Nc2cc(C(=O)OC)ncc2)cc(C(F)(F)F)cc1",1.562617702,1.7092675718547659,1.6496543205180192
1569,"O=C(OC)C1=CC=NC(N)=C1","O=C(O)C1=CC(Br)=CC=C1C","O=C(OC)c1cc(Nc2cc(C(=O)O)c(C)cc2)ncc1","O=C(OC)C1=CC=NC(N)=C1*O=C(O)C1=CC(Br)=CC=C1C*O=C(OC)c1cc(Nc2cc(C(=O)O)c(C)cc2)ncc1",4.920191159,3.826125663224129,4.399406232852982
1586,"FC(C1=NC=C(N)C=C1)(F)F","O=C(O)CC1=CC=CC(Br)=C1","FC(F)(F)c1ncc(Nc2cc(CC(=O)O)ccc2)cc1","FC(C1=NC=C(N)C=C1)(F)F*O=C(O)CC1=CC=CC(Br)=C1*FC(F)(F)c1ncc(Nc2cc(CC(=O)O)ccc2)cc1",1.497311828,3.1665636264209387,3.0637641120744665
1593,"FC(C1=NC=CC(N)=C1)(F)F","O=C(O)C1=CC(Br)=CC=C1C","FC(F)(F)c1nccc(Nc2cc(C(=O)O)c(C)cc2)c1","FC(C1=NC=CC(N)=C1)(F)F*O=C(O)C1=CC(Br)=CC=C1C*FC(F)(F)c1nccc(Nc2cc(C(=O)O)c(C)cc2)c1",2.987407935,3.5987101378202144,3.690842192733295
1597,"FC(C1=NC=CC(N)=C1)(F)F","FC(C1=CC=C(Br)C=C1)(F)F","FC(F)(F)c1nccc(Nc2ccc(C(F)(F)F)cc2)c1","FC(C1=NC=CC(N)=C1)(F)F*FC(C1=CC=C(Br)C=C1)(F)F*FC(F)(F)c1nccc(Nc2ccc(C(F)(F)F)cc2)c1",1.146682464,2.819466759639953,2.8319098893291423
1603,"O=C(OCC)C1=NC=CC(N)=C1","COC1=CC(Br)=CC=C1OC","O=C(OCC)c1nccc(Nc2cc(OC)c(OC)cc2)c1","O=C(OCC)C1=NC=CC(N)=C1*COC1=CC(Br)=CC=C1OC*O=C(OCC)c1nccc(Nc2cc(OC)c(OC)cc2)c1",3.505640158,2.732036784880909,2.6775477003709423
458,"NC1=CC=CC=C1C","CC1=NC=CC(Br)=C1","N(c1c(C)cccc1)c1cc(C)ncc1","NC1=CC=CC=C1C*CC1=NC=CC(Br)=C1*N(c1c(C)cccc1)c1cc(C)ncc1",2.482769537,2.1042959652838387,1.763303047570519
459,"NC1=CC=CC=C1C","CC1=CC=CC(Br)=N1","N(c1c(C)cccc1)c1nc(C)ccc1","NC1=CC=CC=C1C*CC1=CC=CC(Br)=N1*N(c1c(C)cccc1)c1nc(C)ccc1",4.693897797,4.26591997880791,2.203478680609247
463,"NC1=CC=CC=C1C","N#CC1=C(Br)C=NC=C1","N#Cc1c(Nc2c(C)cccc2)cncc1","NC1=CC=CC=C1C*N#CC1=C(Br)C=NC=C1*N#Cc1c(Nc2c(C)cccc2)cncc1",1.96818645,1.541355972510824,1.6243418747690177
467,"NC1=CC=CC(C)=C1","CC1=CC=CC(Br)=N1","N(c1nc(C)ccc1)c1cc(C)ccc1","NC1=CC=CC(C)=C1*CC1=CC=CC(Br)=N1*N(c1nc(C)ccc1)c1cc(C)ccc1",5.935890258,5.2389128466926085,3.4306262686019937
470,"NC1=CC=CC(C)=C1","FC1=NC=CC(Br)=C1","Fc1nccc(Nc2cc(C)ccc2)c1","NC1=CC=CC(C)=C1*FC1=NC=CC(Br)=C1*Fc1nccc(Nc2cc(C)ccc2)c1",2.110786351,2.462340437519948,2.031027713564866
472,"NC1=CC=CC(C)=C1","N#CC1=C(Br)C=CN=C1","N#Cc1c(Nc2cc(C)ccc2)ccnc1","NC1=CC=CC(C)=C1*N#CC1=C(Br)C=CN=C1*N#Cc1c(Nc2cc(C)ccc2)ccnc1",0.046289902,0.28117024886590647,0.3039284917318854
476,"NC1=CC=C(C)C=C1","FC1=CC(Br)=NC=C1","Fc1cc(Nc2ccc(C)cc2)ncc1","NC1=CC=C(C)C=C1*FC1=CC(Br)=NC=C1*Fc1cc(Nc2ccc(C)cc2)ncc1",3.925328859,4.728890569784733,4.707749338866634
484,"OC1=CC=CC=C1N","FC1=CC(Br)=NC=C1","Fc1cc(Nc2c(O)cccc2)ncc1","OC1=CC=CC=C1N*FC1=CC(Br)=NC=C1*Fc1cc(Nc2c(O)cccc2)ncc1",2.191466894,2.363392498226412,1.4131870266148323
489,"NC1=CC=CC=C1F","CC1=CN=CC(Br)=C1","Fc1c(Nc2cc(C)cnc2)cccc1","NC1=CC=CC=C1F*CC1=CN=CC(Br)=C1*Fc1c(Nc2cc(C)cnc2)cccc1",6.457626048,6.6968931408347885,5.521478419008984
497,"FC1=CC(N)=CC=C1","CC1=CN=CC(Br)=C1","Fc1cc(Nc2cc(C)cnc2)ccc1","FC1=CC(N)=CC=C1*CC1=CN=CC(Br)=C1*Fc1cc(Nc2cc(C)cnc2)ccc1",6.467188675,5.081165218330316,4.454260919309359
498,"FC1=CC(N)=CC=C1","CC1=NC=CC(Br)=C1","Fc1cc(Nc2cc(C)ncc2)ccc1","FC1=CC(N)=CC=C1*CC1=NC=CC(Br)=C1*Fc1cc(Nc2cc(C)ncc2)ccc1",2.037754048,1.5002972249393134,1.2098139516613977
504,"FC1=CC(N)=CC=C1","N#CC1=C(Br)C=CN=C1","Fc1cc(Nc2c(C#N)cncc2)ccc1","FC1=CC(N)=CC=C1*N#CC1=C(Br)C=CN=C1*Fc1cc(Nc2c(C#N)cncc2)ccc1",0.193600756,0.3341128362315118,0.6663516235115754
528,"C#CC1=CC=CC(N)=C1","N#CC1=C(Br)C=CN=C1","N#Cc1c(Nc2cc(C#C)ccc2)ccnc1","C#CC1=CC=CC(N)=C1*N#CC1=C(Br)C=CN=C1*N#Cc1c(Nc2cc(C#C)ccc2)ccnc1",0.178538257,0.6599779598756692,0.8229553450612257
529,"N#Cc1ccc(N)cc1","CC1=CN=CC(Br)=C1","N#Cc1ccc(Nc2cc(C)cnc2)cc1","N#Cc1ccc(N)cc1*CC1=CN=CC(Br)=C1*N#Cc1ccc(Nc2cc(C)cnc2)cc1",3.47141949,1.5546247813528467,1.2399223150936667
536,"N#Cc1ccc(N)cc1","N#CC1=C(Br)C=CN=C1","N#Cc1c(Nc2ccc(C#N)cc2)ccnc1","N#Cc1ccc(N)cc1*N#CC1=C(Br)C=CN=C1*N#Cc1c(Nc2ccc(C#N)cc2)ccnc1",0.01168439,1.5371090499257554,1.1970657133456126
538,"NC1=C(C)C=CC=C1C","CC1=NC=CC(Br)=C1","N(c1c(C)cccc1C)c1cc(C)ncc1","NC1=C(C)C=CC=C1C*CC1=NC=CC(Br)=C1*N(c1c(C)cccc1C)c1cc(C)ncc1",1.598863221,0.9129728669127082,0.7799167167273433
558,"NC1=CC=CC=C1OC","FC1=NC=CC(Br)=C1","Fc1nccc(Nc2c(OC)cccc2)c1","NC1=CC=CC=C1OC*FC1=NC=CC(Br)=C1*Fc1nccc(Nc2c(OC)cccc2)c1",3.319489655,5.147195316787295,4.021025209288027
567,"NC1=C(C)C=C(C)C=C1C","N#CC1=C(Br)C=NC=C1","N#Cc1c(Nc2c(C)cc(C)cc2C)cncc1","NC1=C(C)C=C(C)C=C1C*N#CC1=C(Br)C=NC=C1*N#Cc1c(Nc2c(C)cc(C)cc2C)cncc1",0.049861356,-0.25370658309008354,0.6668771136752678
569,"NC1=CC(C(C)=O)=CC=C1","CC1=CN=CC(Br)=C1","O=C(C)c1cc(Nc2cc(C)cnc2)ccc1","NC1=CC(C(C)=O)=CC=C1*CC1=CN=CC(Br)=C1*O=C(C)c1cc(Nc2cc(C)cnc2)ccc1",10.65960877,8.213850959829276,7.9978606546833895
570,"NC1=CC(C(C)=O)=CC=C1","CC1=NC=CC(Br)=C1","O=C(C)c1cc(Nc2cc(C)ncc2)ccc1","NC1=CC(C(C)=O)=CC=C1*CC1=NC=CC(Br)=C1*O=C(C)c1cc(Nc2cc(C)ncc2)ccc1",7.71828412,4.90158223464681,4.879883991443549
573,"NC1=CC(C(C)=O)=CC=C1","FC1=CN=CC(Br)=C1","Fc1cc(Nc2cc(C(=O)C)ccc2)cnc1","NC1=CC(C(C)=O)=CC=C1*FC1=CN=CC(Br)=C1*Fc1cc(Nc2cc(C(=O)C)ccc2)cnc1",4.344655906,4.916622204076964,5.228485948420317
583,"CC(C1=CC=CC=C1N)=O","N#CC1=C(Br)C=NC=C1","O=C(C)c1c(Nc2c(C#N)ccnc2)cccc1","CC(C1=CC=CC=C1N)=O*N#CC1=C(Br)C=NC=C1*O=C(C)c1c(Nc2c(C#N)ccnc2)cccc1",2.570882852,2.261070871996037,1.9802244396569275
595,"NC1=CC=C([N+]([O-])=O)C=C1","CC1=CC=CC(Br)=N1","O=[N+]([O-])c1ccc(Nc2nc(C)ccc2)cc1","NC1=CC=C([N+]([O-])=O)C=C1*CC1=CC=CC(Br)=N1*O=[N+]([O-])c1ccc(Nc2nc(C)ccc2)cc1",5.770027624,5.468608532952433,4.498430335422671
613,"NC1=CC=C(C(C)(C)C)C=C1","FC1=CN=CC(Br)=C1","Fc1cc(Nc2ccc(C(C)(C)C)cc2)cnc1","NC1=CC=C(C(C)(C)C)C=C1*FC1=CN=CC(Br)=C1*Fc1cc(Nc2ccc(C(C)(C)C)cc2)cnc1",3.135573076,3.5209324917475193,4.707654134771444
618,"NC1=CC=CC=C1C(F)(F)F","CC1=NC=CC(Br)=C1","FC(F)(F)c1c(Nc2cc(C)ncc2)cccc1","NC1=CC=CC=C1C(F)(F)F*CC1=NC=CC(Br)=C1*FC(F)(F)c1c(Nc2cc(C)ncc2)cccc1",3.274814815,2.6496202851059114,1.8453899316360438
625,"FC(F)(F)C1=CC=C(N)C=C1","CC1=CN=CC(Br)=C1","FC(F)(F)c1ccc(Nc2cc(C)cnc2)cc1","FC(F)(F)C1=CC=C(N)C=C1*CC1=CN=CC(Br)=C1*FC(F)(F)c1ccc(Nc2cc(C)cnc2)cc1",5.464589357,3.9418664661042895,3.8495935637929652
636,"O=C(O)C1=CC=C(OC)C(N)=C1","FC1=CC(Br)=NC=C1","Fc1cc(Nc2c(OC)ccc(C(=O)O)c2)ncc1","O=C(O)C1=CC=C(OC)C(N)=C1*FC1=CC(Br)=NC=C1*Fc1cc(Nc2c(OC)ccc(C(=O)O)c2)ncc1",7.080879944,6.561568855573958,4.870858825428291
644,"O=C(O)C1=CC=C([N+]([O-])=O)C(N)=C1","FC1=CC(Br)=NC=C1","Fc1cc(Nc2c([N+](=O)[O-])ccc(C(=O)O)c2)ncc1","O=C(O)C1=CC=C([N+]([O-])=O)C(N)=C1*FC1=CC(Br)=NC=C1*Fc1cc(Nc2c([N+](=O)[O-])ccc(C(=O)O)c2)ncc1",4.43993349,4.179343652251673,3.755563303209703
645,"O=C(O)C1=CC=C([N+]([O-])=O)C(N)=C1","FC1=CN=CC(Br)=C1","Fc1cc(Nc2c([N+](=O)[O-])ccc(C(=O)O)c2)cnc1","O=C(O)C1=CC=C([N+]([O-])=O)C(N)=C1*FC1=CN=CC(Br)=C1*Fc1cc(Nc2c([N+](=O)[O-])ccc(C(=O)O)c2)cnc1",5.520296814,4.48711562479858,4.340050169229846
651,"NC1=CC=CC=C1C","COC1=NC=CC(Br)=C1","O(C)c1nccc(Nc2c(C)cccc2)c1","NC1=CC=CC=C1C*COC1=NC=CC(Br)=C1*O(C)c1nccc(Nc2c(C)cccc2)c1",5.458515284,3.621095854805587,3.099870629593023
659,"NC1=CC=CC(C)=C1","COC1=NC=CC(Br)=C1","O(C)c1nccc(Nc2ccc(CC)cc2)c1","NC1=CC=CC(C)=C1*COC1=NC=CC(Br)=C1*O(C)c1nccc(Nc2ccc(CC)cc2)c1",3.51319636,3.2432043579434855,2.9961101688398095
668,"NC1=CC=C(C)C=C1","COC1=CN=CC(Br)=C1","O(C)c1cc(Nc2ccc(C)cc2)cnc1","NC1=CC=C(C)C=C1*COC1=CN=CC(Br)=C1*O(C)c1cc(Nc2ccc(C)cc2)cnc1",8.49378657,9.069100777941902,8.317087911939439
674,"OC1=CC=CC=C1N","COC1=CN=C(Br)C=C1","O(C)c1cnc(Nc2c(O)cccc2)cc1","OC1=CC=CC=C1N*COC1=CN=C(Br)C=C1*O(C)c1cnc(Nc2c(O)cccc2)cc1",4.542137195,3.30072660392924,3.0063587758065617
677,"OC1=CC=CC=C1N","BrC1=CN=CC(C(C)=O)=C1","O=C(C)c1cc(Nc2c(O)cccc2)cnc1","OC1=CC=CC=C1N*BrC1=CN=CC(C(C)=O)=C1*O=C(C)c1cc(Nc2c(O)cccc2)cnc1",0.466537052,4.81975272050369,4.7360506465782315
689,"FC1=CC(N)=CC=C1","N#CC1=CN=C(Br)C=C1","Fc1cc(Nc2ncc(C#N)cc2)ccc1","FC1=CC(N)=CC=C1*N#CC1=CN=C(Br)C=C1*Fc1cc(Nc2ncc(C#N)cc2)ccc1",0.974909739,0.8256697094747216,1.0891423510377507
694,"FC1=CC(N)=CC=C1","CN(C)C1=NC=CC(Br)=C1","Fc1cc(Nc2cc(N(C)C)ncc2)ccc1","FC1=CC(N)=CC=C1*CN(C)C1=NC=CC(Br)=C1*Fc1cc(Nc2cc(N(C)C)ncc2)ccc1",10.48871426,9.775049438575772,8.675701422241154
696,"FC1=CC(N)=CC=C1","O=[N+](C1=C(Br)C=NC=C1)[O-]","Fc1cc(Nc2c([N+](=O)[O-])ccnc2)ccc1","FC1=CC(N)=CC=C1*O=[N+](C1=C(Br)C=NC=C1)[O-]*Fc1cc(Nc2c([N+](=O)[O-])ccnc2)ccc1",0.389325872,-0.16429964290938193,0.3132382678843433
699,"NC1=CC=C(F)C=C1","COC1=NC=CC(Br)=C1","Fc1ccc(Nc2cc(OC)ncc2)cc1","NC1=CC=C(F)C=C1*COC1=NC=CC(Br)=C1*Fc1ccc(Nc2cc(OC)ncc2)cc1",4.564193223,4.550179910705483,3.846649570746046
702,"NC1=CC=C(F)C=C1","CN(C)C1=NC=CC(Br)=C1","Fc1ccc(Nc2cc(N(C)C)ncc2)cc1","NC1=CC=C(F)C=C1*CN(C)C1=NC=CC(Br)=C1*Fc1ccc(Nc2cc(N(C)C)ncc2)cc1",9.71798537,10.660338562987505,9.663003420080775
721,"N#Cc1ccc(N)cc1","N#CC1=CN=C(Br)C=C1","N#Cc1cnc(Nc2ccc(C#N)cc2)cc1","N#Cc1ccc(N)cc1*N#CC1=CN=C(Br)C=C1*N#Cc1cnc(Nc2ccc(C#N)cc2)cc1",0.692554745,1.4383340267783162,1.512554046136001
723,"N#Cc1ccc(N)cc1","COC1=NC=CC(Br)=C1","O(C)c1nccc(Nc2ccc(C#N)cc2)c1","N#Cc1ccc(N)cc1*COC1=NC=CC(Br)=C1*O(C)c1nccc(Nc2ccc(C#N)cc2)c1",0.045587412,1.2227300042770306,1.0537176816047724
736,"NC1=C(C)C=CC=C1C","O=[N+](C1=C(Br)C=NC=C1)[O-]","O=[N+]([O-])c1c(Nc2c(C)cccc2C)cncc1","NC1=C(C)C=CC=C1C*O=[N+](C1=C(Br)C=NC=C1)[O-]*O=[N+]([O-])c1c(Nc2c(C)cccc2C)cncc1",0.357485145,-1.0251261433902346,-0.1763560344319841
740,"NC1=CC=C(OC)C=C1","COC1=CN=CC(Br)=C1","O(C)c1cc(Nc2ccc(OC)cc2)cnc1","NC1=CC=C(OC)C=C1*COC1=CN=CC(Br)=C1*O(C)c1cc(Nc2ccc(OC)cc2)cnc1",9.201903467,9.410242286927238,9.212773141337172
746,"NC1=CC=CC=C1OC","COC1=CN=C(Br)C=C1","O(C)c1c(Nc2ncc(OC)cc2)cccc1","NC1=CC=CC=C1OC*COC1=CN=C(Br)C=C1*O(C)c1c(Nc2ncc(OC)cc2)cccc1",7.872614016,8.042094026083614,6.5551234016729705
748,"NC1=CC=CC=C1OC","COC1=CN=CC(Br)=C1","O(C)c1c(Nc2cc(OC)cnc2)cccc1","NC1=CC=CC=C1OC*COC1=CN=CC(Br)=C1*O(C)c1c(Nc2cc(OC)cnc2)cccc1",9.19499216,10.203560793417926,10.434909842280158
750,"NC1=CC=CC=C1OC","CN(C)C1=NC=CC(Br)=C1","O(C)c1c(Nc2cc(N(C)C)ncc2)cccc1","NC1=CC=CC=C1OC*CN(C)C1=NC=CC(Br)=C1*O(C)c1c(Nc2cc(N(C)C)ncc2)cccc1",9.867257021,12.930504902094771,11.805426817453878
767,"NC1=CC(C(C)=O)=CC=C1","O=[N+](C1=CC(Br)=NC=C1)[O-]","O=[N+]([O-])c1cc(Nc2cc(C(=O)C)ccc2)ncc1","NC1=CC(C(C)=O)=CC=C1*O=[N+](C1=CC(Br)=NC=C1)[O-]*O=[N+]([O-])c1cc(Nc2cc(C(=O)C)ccc2)ncc1",4.109888042,3.2585425803943373,4.294132550836525
770,"CC(C1=CC=CC=C1N)=O","COC1=CN=C(Br)C=C1","O=C(C)c1c(Nc2ncc(OC)cc2)cccc1","CC(C1=CC=CC=C1N)=O*COC1=CN=C(Br)C=C1*O=C(C)c1c(Nc2ncc(OC)cc2)cccc1",11.84941365,3.9562362715878203,3.630637651081898
777,"CC(C1=CC=C(N)C=C1)=O","N#CC1=CN=C(Br)C=C1","O=C(C)c1ccc(Nc2ncc(C#N)cc2)cc1","CC(C1=CC=C(N)C=C1)=O*N#CC1=CN=C(Br)C=C1*O=C(C)c1ccc(Nc2ncc(C#N)cc2)cc1",0.767739933,0.7044214180160937,1.912145221095621
783,"CC(C1=CC=C(N)C=C1)=O","O=[N+](C1=CC(Br)=NC=C1)[O-]","O=[N+]([O-])c1cc(Nc2ccc(C(=O)C)cc2)ncc1","CC(C1=CC=C(N)C=C1)=O*O=[N+](C1=CC(Br)=NC=C1)[O-]*O=[N+]([O-])c1cc(Nc2ccc(C(=O)C)cc2)ncc1",2.277930591,0.9137519917185153,2.1042089605844065
786,"NC1=CC=C([N+]([O-])=O)C=C1","COC1=CN=C(Br)C=C1","O=[N+]([O-])c1ccc(Nc2ncc(OC)cc2)cc1","NC1=CC=C([N+]([O-])=O)C=C1*COC1=CN=C(Br)C=C1*O=[N+]([O-])c1ccc(Nc2ncc(OC)cc2)cc1",3.952255464,4.903872508090821,4.75574022002957
790,"NC1=CC=C([N+]([O-])=O)C=C1","CN(C)C1=NC=CC(Br)=C1","O=[N+]([O-])c1ccc(Nc2cc(N(C)C)ncc2)cc1","NC1=CC=C([N+]([O-])=O)C=C1*CN(C)C1=NC=CC(Br)=C1*O=[N+]([O-])c1ccc(Nc2cc(N(C)C)ncc2)cc1",8.58104594,10.014890146102607,9.550587882150282
795,"N#CC1=CC=CC(OC)=C1N","COC1=NC=CC(Br)=C1","O(C)c1nccc(Nc2cc(C)c(C)cc2)c1","N#CC1=CC=CC(OC)=C1N*COC1=NC=CC(Br)=C1*O(C)c1nccc(Nc2cc(C)c(C)cc2)c1",4.011935484,5.607162104680363,4.726776674453916
814,"NC1=CC=CC=C1C(F)(F)F","CN(C)C1=NC=CC(Br)=C1","FC(F)(F)c1c(Nc2cc(N(C)C)ncc2)cccc1","NC1=CC=CC=C1C(F)(F)F*CN(C)C1=NC=CC(Br)=C1*FC(F)(F)c1c(Nc2cc(N(C)C)ncc2)cccc1",10.97832423,7.754440273177396,7.572638897419356
817,"FC(F)(F)C1=CC=C(N)C=C1","N#CC1=CN=C(Br)C=C1","FC(F)(F)c1ccc(Nc2ncc(C#N)cc2)cc1","FC(F)(F)C1=CC=C(N)C=C1*N#CC1=CN=C(Br)C=C1*FC(F)(F)c1ccc(Nc2ncc(C#N)cc2)cc1",0.882160851,1.010031301006006,1.338249833441512
827,"O=C(O)C1=CC=C(OC)C(N)=C1","COC1=NC=CC(Br)=C1","O=C(O)c1cc(Nc2cc(OC)ncc2)c(OC)cc1","O=C(O)C1=CC=C(OC)C(N)=C1*COC1=NC=CC(Br)=C1*O=C(O)c1cc(Nc2cc(OC)ncc2)c(OC)cc1",16.64158817,6.753394630376967,7.023468514360386
834,"O=C(O)C1=CC=C([N+]([O-])=O)C(N)=C1","COC1=CN=C(Br)C=C1","O=[N+]([O-])c1c(Nc2ncc(OC)cc2)cc(C(=O)O)cc1","O=C(O)C1=CC=C([N+]([O-])=O)C(N)=C1*COC1=CN=C(Br)C=C1*O=[N+]([O-])c1c(Nc2ncc(OC)cc2)cc(C(=O)O)cc1",4.10190156,4.951178284185975,5.055406907660872
837,"O=C(O)C1=CC=C([N+]([O-])=O)C(N)=C1","BrC1=CN=CC(C(C)=O)=C1","O=[N+]([O-])c1c(Nc2cc(C(=O)C)cnc2)cc(C(=O)O)cc1","O=C(O)C1=CC=C([N+]([O-])=O)C(N)=C1*BrC1=CN=CC(C(C)=O)=C1*O=[N+]([O-])c1c(Nc2cc(C(=O)C)cnc2)cc(C(=O)O)cc1",3.642043991,4.156898899616843,4.702658334040475
838,"O=C(O)C1=CC=C([N+]([O-])=O)C(N)=C1","CN(C)C1=NC=CC(Br)=C1","O=[N+]([O-])c1c(Nc2cc(N(C)C)ncc2)cc(C(=O)O)cc1","O=C(O)C1=CC=C([N+]([O-])=O)C(N)=C1*CN(C)C1=NC=CC(Br)=C1*O=[N+]([O-])c1c(Nc2cc(N(C)C)ncc2)cc(C(=O)O)cc1",10.4238717,10.814207330529866,9.854004882296909
843,"NC1=CC=CC=C1C","CC1=CC(Br)=CC(C)=N1","N(c1c(C)cccc1)c1cc(C)nc(C)c1","NC1=CC=CC=C1C*CC1=CC(Br)=CC(C)=N1*N(c1c(C)cccc1)c1cc(C)nc(C)c1",0.842266643,4.0334996333376925,3.557715413863914
849,"NC1=CC=CC(C)=C1","FC(C1=CC=CC(Br)=N1)F","FC(F)c1nc(Nc2ccc(CC)cc2)ccc1","NC1=CC=CC(C)=C1*FC(C1=CC=CC(Br)=N1)F*FC(F)c1nc(Nc2ccc(CC)cc2)ccc1",2.756195225,3.3408215353054938,3.099076039815772
850,"NC1=CC=CC(C)=C1","O=C(OC)C1=CN=C(Br)C=C1","O=C(OC)c1cnc(Nc2ccc(CC)cc2)cc1","NC1=CC=CC(C)=C1*O=C(OC)C1=CN=C(Br)C=C1*O=C(OC)c1cnc(Nc2ccc(CC)cc2)cc1",1.726069008,1.756381482089182,2.3329937850799114
859,"NC1=CC=C(C)C=C1","CC1=CC(Br)=CC(C)=N1","N(c1cc(C)nc(C)c1)c1ccc(C)cc1","NC1=CC=C(C)C=C1*CC1=CC(Br)=CC(C)=N1*N(c1cc(C)nc(C)c1)c1ccc(C)cc1",2.337537507,4.05154071827188,4.0680694246585
861,"NC1=CC=C(C)C=C1","FC(C1=NC=C(Br)C=C1)(F)F","FC(F)(F)c1ncc(Nc2ccc(C)cc2)cc1","NC1=CC=C(C)C=C1*FC(C1=NC=C(Br)C=C1)(F)F*FC(F)(F)c1ncc(Nc2ccc(C)cc2)cc1",2.049566192,2.049056089435629,2.5833206087372886
862,"NC1=CC=C(C)C=C1","FC(C1=NC=CC(Br)=C1)(F)F","FC(F)(F)c1nccc(Nc2ccc(C)cc2)c1","NC1=CC=C(C)C=C1*FC(C1=NC=CC(Br)=C1)(F)F*FC(F)(F)c1nccc(Nc2ccc(C)cc2)c1",1.952581059,1.900089011781813,2.379363463492691
863,"NC1=CC=C(C)C=C1","FC(C1=NC=CC=C1Br)(F)F","FC(F)(F)c1c(Nc2ccc(C)cc2)cccn1","NC1=CC=C(C)C=C1*FC(C1=NC=CC=C1Br)(F)F*FC(F)(F)c1c(Nc2ccc(C)cc2)cccn1",1.328636382,1.8299510160500634,1.634953897176645
865,"OC1=CC=CC=C1N","FC(C1=CC=CC(Br)=N1)F","FC(F)c1nc(Nc2c(O)cccc2)ccc1","OC1=CC=CC=C1N*FC(C1=CC=CC(Br)=N1)F*FC(F)c1nc(Nc2c(O)cccc2)ccc1",2.554083218,2.992203430074302,2.6857670479919804
869,"OC1=CC=CC=C1N","FC(C1=NC=C(Br)C=C1)(F)F","FC(F)(F)c1ncc(Nc2c(O)cccc2)cc1","OC1=CC=CC=C1N*FC(C1=NC=C(Br)C=C1)(F)F*FC(F)(F)c1ncc(Nc2c(O)cccc2)cc1",2.420024475,2.7026077869393914,2.235604368711182
876,"NC1=CC=CC=C1F","FC(C1=CC(Br)=NC=C1)(F)F","FC(F)(F)c1cc(Nc2c(F)cccc2)ncc1","NC1=CC=CC=C1F*FC(C1=CC(Br)=NC=C1)(F)F*FC(F)(F)c1cc(Nc2c(F)cccc2)ncc1",3.193623713,3.4141494774867795,3.3594524984361733
878,"NC1=CC=CC=C1F","FC(C1=NC=CC(Br)=C1)(F)F","FC(F)(F)c1nccc(Nc2c(F)cccc2)c1","NC1=CC=CC=C1F*FC(C1=NC=CC(Br)=C1)(F)F*FC(F)(F)c1nccc(Nc2c(F)cccc2)c1",2.279671475,2.733116736406638,2.77399687380722
882,"FC1=CC(N)=CC=C1","O=C(OC)C1=CN=C(Br)C=C1","Fc1cc(Nc2ncc(C(=O)OC)cc2)ccc1","FC1=CC(N)=CC=C1*O=C(OC)C1=CN=C(Br)C=C1*Fc1cc(Nc2ncc(C(=O)OC)cc2)ccc1",1.182917977,2.1533257098893164,2.011648168377578
907,"C#CC1=CC=CC(N)=C1","CC1=CC(Br)=CC(C)=N1","N(c1cc(C)nc(C)c1)c1cc(C#C)ccc1","C#CC1=CC=CC(N)=C1*CC1=CC(Br)=CC(C)=N1*N(c1cc(C)nc(C)c1)c1cc(C#C)ccc1",0.212555915,0.9096430011909762,1.9854158415289234
926,"NC1=C(C)C=CC=C1C","FC(C1=NC=CC(Br)=C1)(F)F","FC(F)(F)c1nccc(Nc2c(C)cccc2C)c1","NC1=C(C)C=CC=C1C*FC(C1=NC=CC(Br)=C1)(F)F*FC(F)(F)c1nccc(Nc2c(C)cccc2C)c1",0.448131099,1.282001978541449,1.188727474486083
931,"NC1=CC=C(OC)C=C1","CC1=CC(Br)=CC(C)=N1","O(C)c1ccc(Nc2cc(C)nc(C)c2)cc1","NC1=CC=C(OC)C=C1*CC1=CC(Br)=CC(C)=N1*O(C)c1ccc(Nc2cc(C)nc(C)c2)cc1",3.527035896,4.265360415599623,4.036214589929771
949,"NC1=C(C)C=C(C)C=C1C","FC(C1=NC=C(Br)C=C1)(F)F","FC(F)(F)c1ncc(Nc2c(C)cc(C)cc2C)cc1","NC1=C(C)C=C(C)C=C1C*FC(C1=NC=C(Br)C=C1)(F)F*FC(F)(F)c1ncc(Nc2c(C)cc(C)cc2C)cc1",0.388479234,0.3628664772757597,0.6609711800151583
954,"NC1=CC(C(C)=O)=CC=C1","O=C(OC)C1=CN=C(Br)C=C1","O=C(OC)c1cnc(Nc2cc(C(=O)C)ccc2)cc1","NC1=CC(C(C)=O)=CC=C1*O=C(OC)C1=CN=C(Br)C=C1*O=C(OC)c1cnc(Nc2cc(C(=O)C)ccc2)cc1",3.986963234,1.8409249051238117,2.635042579387716
970,"CC(C1=CC=C(N)C=C1)=O","O=C(OC)C1=CN=C(Br)C=C1","O=C(OC)c1cnc(Nc2ccc(C(=O)C)cc2)cc1","CC(C1=CC=C(N)C=C1)=O*O=C(OC)C1=CN=C(Br)C=C1*O=C(OC)c1cnc(Nc2ccc(C(=O)C)cc2)cc1",1.985914718,0.7794728561036419,2.2583557787473625
985,"N#CC1=CC=CC(OC)=C1N","FC(C1=CC=CC(Br)=N1)F","FC(F)c1nc(Nc2cc(C)c(C)cc2)ccc1","N#CC1=CC=CC(OC)=C1N*FC(C1=CC=CC(Br)=N1)F*FC(F)c1nc(Nc2cc(C)c(C)cc2)ccc1",3.31711071,5.814272282011512,4.966518169292078
997,"NC1=CC=C(C(C)(C)C)C=C1","FC(C1=NC=C(Br)C=C1)(F)F","FC(F)(F)c1ncc(Nc2ccc(C(C)(C)C)cc2)cc1","NC1=CC=C(C(C)(C)C)C=C1*FC(C1=NC=C(Br)C=C1)(F)F*FC(F)(F)c1ncc(Nc2ccc(C(C)(C)C)cc2)cc1",2.639028439,2.4358446367542683,2.84565936497138
998,"NC1=CC=C(C(C)(C)C)C=C1","FC(C1=NC=CC(Br)=C1)(F)F","FC(F)(F)c1nccc(Nc2ccc(C(C)(C)C)cc2)c1","NC1=CC=C(C(C)(C)C)C=C1*FC(C1=NC=CC(Br)=C1)(F)F*FC(F)(F)c1nccc(Nc2ccc(C(C)(C)C)cc2)c1",2.722641762,2.2352555299738763,2.661480346652308
1004,"NC1=CC=CC=C1C(F)(F)F","FC(C1=CC(Br)=NC=C1)(F)F","FC(F)(F)c1c(Nc2nccc(C(F)(F)F)c2)cccc1","NC1=CC=CC=C1C(F)(F)F*FC(C1=CC(Br)=NC=C1)(F)F*FC(F)(F)c1c(Nc2nccc(C(F)(F)F)c2)cccc1",0.219489559,2.7159718909810016,2.1961217272131583
1006,"NC1=CC=CC=C1C(F)(F)F","FC(C1=NC=CC(Br)=C1)(F)F","FC(F)(F)c1c(Nc2cc(C(F)(F)F)ncc2)cccc1","NC1=CC=CC=C1C(F)(F)F*FC(C1=NC=CC(Br)=C1)(F)F*FC(F)(F)c1c(Nc2cc(C(F)(F)F)ncc2)cccc1",2.491625413,2.505825750713848,2.309162514622399
1011,"FC(F)(F)C1=CC=C(N)C=C1","CC1=CC(Br)=CC(C)=N1","FC(F)(F)c1ccc(Nc2cc(C)nc(C)c2)cc1","FC(F)(F)C1=CC=C(N)C=C1*CC1=CC(Br)=CC(C)=N1*FC(F)(F)c1ccc(Nc2cc(C)nc(C)c2)cc1",2.455662335,3.8339607324973075,3.4936492699818524
1012,"FC(F)(F)C1=CC=C(N)C=C1","FC(C1=CC(Br)=NC=C1)(F)F","FC(F)(F)c1cc(Nc2ccc(C(F)(F)F)cc2)ncc1","FC(F)(F)C1=CC=C(N)C=C1*FC(C1=CC(Br)=NC=C1)(F)F*FC(F)(F)c1cc(Nc2ccc(C(F)(F)F)cc2)ncc1",2.752625013,2.70544778431678,2.816390710769131
1014,"FC(F)(F)C1=CC=C(N)C=C1","FC(C1=NC=CC(Br)=C1)(F)F","FC(F)(F)c1nccc(Nc2ccc(C(F)(F)F)cc2)c1","FC(F)(F)C1=CC=C(N)C=C1*FC(C1=NC=CC(Br)=C1)(F)F*FC(F)(F)c1nccc(Nc2ccc(C(F)(F)F)cc2)c1",0.784833784,2.3449932363541945,2.1054108097937383
1017,"O=C(O)C1=CC=C(OC)C(N)=C1","FC(C1=CC=CC(Br)=N1)F","FC(F)c1nc(Nc2c(OC)ccc(C(=O)O)c2)ccc1","O=C(O)C1=CC=C(OC)C(N)=C1*FC(C1=CC=CC(Br)=N1)F*FC(F)c1nc(Nc2c(OC)ccc(C(=O)O)c2)ccc1",4.750847369,5.8806875698603225,5.428622995181251
1019,"O=C(O)C1=CC=C(OC)C(N)=C1","CC1=CC(Br)=CC(C)=N1","O=C(O)c1cc(Nc2cc(C)nc(C)c2)c(OC)cc1","O=C(O)C1=CC=C(OC)C(N)=C1*CC1=CC(Br)=CC(C)=N1*O=C(O)c1cc(Nc2cc(C)nc(C)c2)c(OC)cc1",9.9529046,6.1823247545010735,6.642172195633664
1028,"O=C(O)C1=CC=C([N+]([O-])=O)C(N)=C1","FC(C1=CC(Br)=NC=C1)(F)F","FC(F)(F)c1cc(Nc2c([N+](=O)[O-])ccc(C(=O)O)c2)ncc1","O=C(O)C1=CC=C([N+]([O-])=O)C(N)=C1*FC(C1=CC(Br)=NC=C1)(F)F*FC(F)(F)c1cc(Nc2c([N+](=O)[O-])ccc(C(=O)O)c2)ncc1",3.60814743,3.929054910232373,3.9082785068733075
1029,"O=C(O)C1=CC=C([N+]([O-])=O)C(N)=C1","FC(C1=NC=C(Br)C=C1)(F)F","FC(F)(F)c1ncc(Nc2c([N+](=O)[O-])ccc(C(=O)O)c2)cc1","O=C(O)C1=CC=C([N+]([O-])=O)C(N)=C1*FC(C1=NC=C(Br)C=C1)(F)F*FC(F)(F)c1ncc(Nc2c([N+](=O)[O-])ccc(C(=O)O)c2)cc1",3.676542732,3.4163636332068377,3.668561473565824
1621,"CC1=C(N)C=NC=C1","FC1=CN=CC(Br)=C1","Fc1cc(Nc2c(C)ccnc2)cnc1","CC1=C(N)C=NC=C1*FC1=CN=CC(Br)=C1*Fc1cc(Nc2c(C)ccnc2)cnc1",0.45775704,2.1866503318598696,1.7379590797000477
1628,"CC1=NC=CC(N)=C1","FC1=CC(Br)=NC=C1","Fc1cc(Nc2cc(C)ncc2)ncc1","CC1=NC=CC(N)=C1*FC1=CC(Br)=NC=C1*Fc1cc(Nc2cc(C)ncc2)ncc1",0.731328321,0.4705930540854286,0.8473048173306457
1629,"CC1=NC=CC(N)=C1","FC1=CN=CC(Br)=C1","Fc1cc(Nc2cc(C)ncc2)cnc1","CC1=NC=CC(N)=C1*FC1=CN=CC(Br)=C1*Fc1cc(Nc2cc(C)ncc2)cnc1",0.296189792,0.7844110788555096,1.1720420685360882
1639,"FC1=CC=CC(N)=N1","N#CC1=C(Br)C=NC=C1","Fc1nc(Nc2c(C#N)ccnc2)ccc1","FC1=CC=CC(N)=N1*N#CC1=C(Br)C=NC=C1*Fc1nc(Nc2c(C#N)ccnc2)ccc1",3.343076923,2.4192715625261583,2.392554924701396
1647,"FC1=NC=C(N)C=C1","N#CC1=C(Br)C=NC=C1","Fc1ncc(Nc2c(C#N)ccnc2)cc1","FC1=NC=C(N)C=C1*N#CC1=C(Br)C=NC=C1*Fc1ncc(Nc2c(C#N)ccnc2)cc1",0.374046711,2.136466476749251,1.4621412456749387
1658,"N#CC1=CC(N)=NC=C1","CC1=NC=CC(Br)=C1","N#Cc1cc(Nc2cc(C)ncc2)ncc1","N#CC1=CC(N)=NC=C1*CC1=NC=CC(Br)=C1*N#Cc1cc(Nc2cc(C)ncc2)ncc1",1.088989622,1.489791976885335,1.410411257837548
1669,"N#CC1=NC=CC(N)=C1","FC1=CN=CC(Br)=C1","Fc1cc(Nc2cc(C#N)ncc2)cnc1","N#CC1=NC=CC(N)=C1*FC1=CN=CC(Br)=C1*Fc1cc(Nc2cc(C#N)ncc2)cnc1",3.1644555,2.8112298744224327,2.803077169668028
1678,"CC1=CC(C)=C(N)C=N1","FC1=NC=CC(Br)=C1","Fc1nccc(Nc2c(C)cc(C)nc2)c1","CC1=CC(C)=C(N)C=N1*FC1=NC=CC(Br)=C1*Fc1nccc(Nc2c(C)cc(C)nc2)c1",0.610576289,2.3072729183177634,2.002637761274685
1714,"CCOC1=NC=CC(N)=C1","CC1=NC=CC(Br)=C1","O(CC)c1nccc(Nc2cc(C)ncc2)c1","CCOC1=NC=CC(N)=C1*CC1=NC=CC(Br)=C1*O(CC)c1nccc(Nc2cc(C)ncc2)c1",1.331925564,1.4713974524417777,1.5969032345955625
1716,"CCOC1=NC=CC(N)=C1","FC1=CC(Br)=NC=C1","Fc1cc(Nc2cc(OCC)ncc2)ncc1","CCOC1=NC=CC(N)=C1*FC1=CC(Br)=NC=C1*Fc1cc(Nc2cc(OCC)ncc2)ncc1",3.500653717,2.5237897157757114,2.6939239891008597
1717,"CCOC1=NC=CC(N)=C1","FC1=CN=CC(Br)=C1","Fc1cc(Nc2cc(OCC)ncc2)cnc1","CCOC1=NC=CC(N)=C1*FC1=CN=CC(Br)=C1*Fc1cc(Nc2cc(OCC)ncc2)cnc1",4.514435696,2.6178077228175356,2.569510457566442
1722,"CCOC1=CC(N)=NC=C1","CC1=NC=CC(Br)=C1","O(CC)c1cc(Nc2cc(C)ncc2)ncc1","CCOC1=CC(N)=NC=C1*CC1=NC=CC(Br)=C1*O(CC)c1cc(Nc2cc(C)ncc2)ncc1",2.220230105,1.8710810072602715,1.4794851542087006
1742,"O=C(OC)C1=CC=NC=C1N","FC1=NC=CC(Br)=C1","Fc1nccc(Nc2c(C(=O)OC)ccnc2)c1","O=C(OC)C1=CC=NC=C1N*FC1=NC=CC(Br)=C1*Fc1nccc(Nc2c(C(=O)OC)ccnc2)c1",1.381307339,1.8313766176591921,1.671368689199604
1755,"O=C(C1=NC=CC(N)=C1)OC","CC1=CC=CC(Br)=N1","O=C(OC)c1nccc(Nc2nc(C)ccc2)c1","O=C(C1=NC=CC(N)=C1)OC*CC1=CC=CC(Br)=N1*O=C(OC)c1nccc(Nc2nc(C)ccc2)c1",3.952586207,2.6591936262797917,1.9251682302736974
1759,"O=C(C1=NC=CC(N)=C1)OC","N#CC1=C(Br)C=NC=C1","O=C(OC)c1nccc(Nc2c(C#N)ccnc2)c1","O=C(C1=NC=CC(N)=C1)OC*N#CC1=C(Br)C=NC=C1*O=C(OC)c1nccc(Nc2c(C#N)ccnc2)c1",0.342233448,1.4362519268821612,1.6950131956426284
1762,"O=C(OC)C1=CC=NC(N)=C1","CC1=NC=CC(Br)=C1","O=C(OC)c1cc(Nc2cc(C)ncc2)ncc1","O=C(OC)C1=CC=NC(N)=C1*CC1=NC=CC(Br)=C1*O=C(OC)c1cc(Nc2cc(C)ncc2)ncc1",1.2249347,1.758639413472148,1.7947446327530427
1763,"O=C(OC)C1=CC=NC(N)=C1","CC1=CC=CC(Br)=N1","O=C(OC)c1cc(Nc2nc(C)ccc2)ncc1","O=C(OC)C1=CC=NC(N)=C1*CC1=CC=CC(Br)=N1*O=C(OC)c1cc(Nc2nc(C)ccc2)ncc1",11.86326822,7.844827861090758,8.0567093579179
1766,"O=C(OC)C1=CC=NC(N)=C1","FC1=NC=CC(Br)=C1","Fc1nccc(Nc2nccc(C(=O)OC)c2)c1","O=C(OC)C1=CC=NC(N)=C1*FC1=NC=CC(Br)=C1*Fc1nccc(Nc2nccc(C(=O)OC)c2)c1",3.671386487,3.787567526373923,3.404808315869448
1770,"NC1=NC=C(C(F)(F)F)C=C1","CC1=NC=CC(Br)=C1","FC(F)(F)c1cnc(Nc2cc(C)ncc2)cc1","NC1=NC=C(C(F)(F)F)C=C1*CC1=NC=CC(Br)=C1*FC(F)(F)c1cnc(Nc2cc(C)ncc2)cc1",1.563645369,1.5955652754166472,1.1823700274328983
1779,"FC(C1=NC=C(N)C=C1)(F)F","CC1=CC=CC(Br)=N1","FC(F)(F)c1ncc(Nc2nc(C)ccc2)cc1","FC(C1=NC=C(N)C=C1)(F)F*CC1=CC=CC(Br)=N1*FC(F)(F)c1ncc(Nc2nc(C)ccc2)cc1",3.479683285,4.093517205989707,3.241071581226326
1781,"FC(C1=NC=C(N)C=C1)(F)F","FC1=CN=CC(Br)=C1","FC(F)(F)c1ncc(Nc2cc(F)cnc2)cc1","FC(C1=NC=C(N)C=C1)(F)F*FC1=CN=CC(Br)=C1*FC(F)(F)c1ncc(Nc2cc(F)cnc2)cc1",2.876212569,3.505555589785984,2.9012862067471703
1786,"FC(C1=NC=CC(N)=C1)(F)F","CC1=NC=CC(Br)=C1","FC(F)(F)c1nccc(Nc2cc(C)ncc2)c1","FC(C1=NC=CC(N)=C1)(F)F*CC1=NC=CC(Br)=C1*FC(F)(F)c1nccc(Nc2cc(C)ncc2)c1",0.484563056,1.807189493425781,2.0086933794595776
1798,"O=C(OCC)C1=NC=CC(N)=C1","FC1=NC=CC(Br)=C1","Fc1nccc(Nc2cc(C(=O)OCC)ncc2)c1","O=C(OCC)C1=NC=CC(N)=C1*FC1=NC=CC(Br)=C1*Fc1nccc(Nc2cc(C(=O)OCC)ncc2)c1",1.959455309,1.4548237404828863,1.4779950506862753
1810,"CC1=C(N)C=NC=C1","COC1=CN=C(Br)C=C1","O(C)c1cnc(Nc2c(C)ccnc2)cc1","CC1=C(N)C=NC=C1*COC1=CN=C(Br)C=C1*O(C)c1cnc(Nc2c(C)ccnc2)cc1",1.110778986,3.734471792516437,3.18851971784469
1812,"CC1=C(N)C=NC=C1","COC1=CN=CC(Br)=C1","O(C)c1cc(Nc2c(C)ccnc2)cnc1","CC1=C(N)C=NC=C1*COC1=CN=CC(Br)=C1*O(C)c1cc(Nc2c(C)ccnc2)cnc1",0.792459605,5.0053167989750875,3.9884076029928086
1814,"CC1=C(N)C=NC=C1","CN(C)C1=NC=CC(Br)=C1","N(C)(C)c1nccc(Nc2c(C)ccnc2)c1","CC1=C(N)C=NC=C1*CN(C)C1=NC=CC(Br)=C1*N(C)(C)c1nccc(Nc2c(C)ccnc2)c1",0.834117973,8.081149387958247,6.325342806114852
1815,"CC1=C(N)C=NC=C1","O=[N+](C1=CC(Br)=NC=C1)[O-]","O=[N+]([O-])c1cc(Nc2c(C)ccnc2)ncc1","CC1=C(N)C=NC=C1*O=[N+](C1=CC(Br)=NC=C1)[O-]*O=[N+]([O-])c1cc(Nc2c(C)ccnc2)ncc1",2.47205101,1.2434566190829655,1.798043522979689
1823,"CC1=NC=CC(N)=C1","O=[N+](C1=CC(Br)=NC=C1)[O-]","O=[N+]([O-])c1cc(Nc2cc(C)ncc2)ncc1","CC1=NC=CC(N)=C1*O=[N+](C1=CC(Br)=NC=C1)[O-]*O=[N+]([O-])c1cc(Nc2cc(C)ncc2)ncc1",0.672024952,1.0937742808058575,1.9657639852980715
1835,"FC1=NC=C(N)C=C1","COC1=NC=CC(Br)=C1","Fc1ncc(Nc2cc(OC)ncc2)cc1","FC1=NC=C(N)C=C1*COC1=NC=CC(Br)=C1*Fc1ncc(Nc2cc(OC)ncc2)cc1",0.262851086,0.9272972113019811,0.5664572917387685
1837,"FC1=NC=C(N)C=C1","BrC1=CN=CC(C(C)=O)=C1","Fc1ncc(Nc2cc(C(=O)C)cnc2)cc1","FC1=NC=C(N)C=C1*BrC1=CN=CC(C(C)=O)=C1*Fc1ncc(Nc2cc(C(=O)C)cnc2)cc1",0.738317757,4.55968966101004,2.930003907106679
1845,"FC1=C(N)C=CN=C1","BrC1=CN=CC(C(C)=O)=C1","Fc1c(Nc2cc(C(=O)C)cnc2)ccnc1","FC1=C(N)C=CN=C1*BrC1=CN=CC(C(C)=O)=C1*Fc1c(Nc2cc(C(=O)C)cnc2)ccnc1",5.356101068,3.821021197723268,4.412251588456301
1846,"FC1=C(N)C=CN=C1","CN(C)C1=NC=CC(Br)=C1","Fc1c(Nc2cc(N(C)C)ncc2)ccnc1","FC1=C(N)C=CN=C1*CN(C)C1=NC=CC(Br)=C1*Fc1c(Nc2cc(N(C)C)ncc2)ccnc1",2.858810832,8.746782166276283,7.800847031079881
1853,"N#CC1=CC(N)=NC=C1","BrC1=CN=CC(C(C)=O)=C1","O=C(C)c1cc(Nc2nccc(C#N)c2)cnc1","N#CC1=CC(N)=NC=C1*BrC1=CN=CC(C(C)=O)=C1*O=C(C)c1cc(Nc2nccc(C#N)c2)cnc1",3.566835396,4.128134417149315,4.370949136621983
1858,"N#CC1=NC=CC(N)=C1","COC1=CN=C(Br)C=C1","O(C)c1cnc(Nc2cc(C#N)ncc2)cc1","N#CC1=NC=CC(N)=C1*COC1=CN=C(Br)C=C1*O(C)c1cnc(Nc2cc(C#N)ncc2)cc1",4.183912692,3.2149756604365454,6.288411816576726
1862,"N#CC1=NC=CC(N)=C1","CN(C)C1=NC=CC(Br)=C1","N#Cc1nccc(Nc2cc(N(C)C)ncc2)c1","N#CC1=NC=CC(N)=C1*CN(C)C1=NC=CC(Br)=C1*N#Cc1nccc(Nc2cc(N(C)C)ncc2)c1",1.400345311,2.8430348750458316,4.421357746280768
1864,"N#CC1=NC=CC(N)=C1","O=[N+](C1=C(Br)C=NC=C1)[O-]","O=[N+]([O-])c1c(Nc2cc(C#N)ncc2)cncc1","N#CC1=NC=CC(N)=C1*O=[N+](C1=C(Br)C=NC=C1)[O-]*O=[N+]([O-])c1c(Nc2cc(C#N)ncc2)cncc1",0.246215451,1.1914529536360514,1.1183256404197195
1869,"CC1=CC(C)=C(N)C=N1","BrC1=CN=CC(C(C)=O)=C1","O=C(C)c1cc(Nc2c(C)cc(C)nc2)cnc1","CC1=CC(C)=C(N)C=N1*BrC1=CN=CC(C(C)=O)=C1*O=C(C)c1cc(Nc2c(C)cc(C)nc2)cnc1",0.508237986,2.949988749909704,4.197828825570555
1878,"O=CC1=C(N)C=NC=C1","CN(C)C1=NC=CC(Br)=C1","O=Cc1c(Nc2cc(N(C)C)ncc2)cncc1","O=CC1=C(N)C=NC=C1*CN(C)C1=NC=CC(Br)=C1*O=Cc1c(Nc2cc(N(C)C)ncc2)cncc1",3.210754158,0.5478608799507692,0.8697429193444721
1881,"COC1=NC=C(N)C=C1","N#CC1=CN=C(Br)C=C1","O(C)c1ncc(Nc2ncc(C#N)cc2)cc1","COC1=NC=C(N)C=C1*N#CC1=CN=C(Br)C=C1*O(C)c1ncc(Nc2ncc(C#N)cc2)cc1",2.059563543,1.6904880402281708,1.6657961976336546
1903,"O=C(C1=CC=CN=C1N)C","O=[N+](C1=CC(Br)=NC=C1)[O-]","O=[N+]([O-])c1cc(Nc2c(C(=O)C)cccn2)ncc1","O=C(C1=CC=CN=C1N)C*O=[N+](C1=CC(Br)=NC=C1)[O-]*O=[N+]([O-])c1cc(Nc2c(C(=O)C)cccn2)ncc1",0.036856534,1.3389923342796002,2.0856227524889057
1911,"CCOC1=NC=CC(N)=C1","O=[N+](C1=CC(Br)=NC=C1)[O-]","O=[N+]([O-])c1cc(Nc2cc(OCC)ncc2)ncc1","CCOC1=NC=CC(N)=C1*O=[N+](C1=CC(Br)=NC=C1)[O-]*O=[N+]([O-])c1cc(Nc2cc(OCC)ncc2)ncc1",1.922260838,2.0115792023488135,2.6333972339722718
1916,"CCOC1=CC(N)=NC=C1","COC1=CN=CC(Br)=C1","O(CC)c1cc(Nc2cc(OC)cnc2)ncc1","CCOC1=CC(N)=NC=C1*COC1=CN=CC(Br)=C1*O(CC)c1cc(Nc2cc(OC)cnc2)ncc1",4.125801421,5.971039080432348,6.473574033551584
1924,"O=[N+](C1=CN=C(N)C=C1)[O-]","COC1=CN=CC(Br)=C1","O=[N+]([O-])c1cnc(Nc2cc(OC)cnc2)cc1","O=[N+](C1=CN=C(N)C=C1)[O-]*COC1=CN=CC(Br)=C1*O=[N+]([O-])c1cnc(Nc2cc(OC)cnc2)cc1",3.458539264,3.200791594043033,3.4834250106652815
1941,"O=C(C1=C(N)C=CN=C1)OC","BrC1=CN=CC(C(C)=O)=C1","O=C(OC)c1c(Nc2cc(C(=O)C)cnc2)ccnc1","O=C(C1=C(N)C=CN=C1)OC*BrC1=CN=CC(C(C)=O)=C1*O=C(OC)c1c(Nc2cc(C(=O)C)cnc2)ccnc1",0.373722189,2.117839727196947,3.4730324601742835
1949,"O=C(C1=NC=CC(N)=C1)OC","BrC1=CN=CC(C(C)=O)=C1","O=C(OC)c1nccc(Nc2cc(C(=O)C)cnc2)c1","O=C(C1=NC=CC(N)=C1)OC*BrC1=CN=CC(C(C)=O)=C1*O=C(OC)c1nccc(Nc2cc(C(=O)C)cnc2)c1",0.315948602,2.6777082263190053,2.7192996157493967
1951,"O=C(C1=NC=CC(N)=C1)OC","O=[N+](C1=CC(Br)=NC=C1)[O-]","O=[N+]([O-])c1cc(Nc2cc(C(=O)OC)ncc2)ncc1","O=C(C1=NC=CC(N)=C1)OC*O=[N+](C1=CC(Br)=NC=C1)[O-]*O=[N+]([O-])c1cc(Nc2cc(C(=O)OC)ncc2)ncc1",1.190737267,0.4135460314121495,1.8522400712698885
1953,"O=C(OC)C1=CC=NC(N)=C1","N#CC1=CN=C(Br)C=C1","O=C(OC)c1cc(Nc2ncc(C#N)cc2)ncc1","O=C(OC)C1=CC=NC(N)=C1*N#CC1=CN=C(Br)C=C1*O=C(OC)c1cc(Nc2ncc(C#N)cc2)ncc1",2.626144962,2.922107752335103,2.576261566720409
1957,"O=C(OC)C1=CC=NC(N)=C1","BrC1=CN=CC(C(C)=O)=C1","O=C(OC)c1cc(Nc2cc(C(=O)C)cnc2)ncc1","O=C(OC)C1=CC=NC(N)=C1*BrC1=CN=CC(C(C)=O)=C1*O=C(OC)c1cc(Nc2cc(C(=O)C)cnc2)ncc1",2.530822661,2.1164015531809897,3.4204489422851005
1961,"NC1=NC=C(C(F)(F)F)C=C1","N#CC1=CN=C(Br)C=C1","FC(F)(F)c1cnc(Nc2ncc(C#N)cc2)cc1","NC1=NC=C(C(F)(F)F)C=C1*N#CC1=CN=C(Br)C=C1*FC(F)(F)c1cnc(Nc2ncc(C#N)cc2)cc1",1.193193998,2.630343778991983,1.8779087352123776
1971,"FC(C1=NC=C(N)C=C1)(F)F","COC1=NC=CC(Br)=C1","FC(F)(F)c1ncc(Nc2cc(OC)ncc2)cc1","FC(C1=NC=C(N)C=C1)(F)F*COC1=NC=CC(Br)=C1*FC(F)(F)c1ncc(Nc2cc(OC)ncc2)cc1",3.411098977,2.9276299087215385,2.5080939768937105
1972,"FC(C1=NC=C(N)C=C1)(F)F","COC1=CN=CC(Br)=C1","FC(F)(F)c1ncc(Nc2cc(OC)cnc2)cc1","FC(C1=NC=C(N)C=C1)(F)F*COC1=CN=CC(Br)=C1*FC(F)(F)c1ncc(Nc2cc(OC)cnc2)cc1",5.08753024,4.8539496670785,4.489774051112127
1978,"FC(C1=NC=CC(N)=C1)(F)F","COC1=CN=C(Br)C=C1","FC(F)(F)c1nccc(Nc2ncc(OC)cc2)c1","FC(C1=NC=CC(N)=C1)(F)F*COC1=CN=C(Br)C=C1*FC(F)(F)c1nccc(Nc2ncc(OC)cc2)c1",3.073877772,3.4888876360220986,3.4737353533756403
1994,"CC1=CN=C(N)C=C1","O=C(OC)C1=CN=C(Br)C=C1","O=C(OC)c1cnc(Nc2ncc(C)cc2)cc1","CC1=CN=C(N)C=C1*O=C(OC)C1=CN=C(Br)C=C1*O=C(OC)c1cnc(Nc2ncc(C)cc2)cc1",5.905525854,5.602159744432788,4.273849978863087
1997,"CC1=CN=C(N)C=C1","FC(C1=NC=C(Br)C=C1)(F)F","FC(F)(F)c1ncc(Nc2ncc(C)cc2)cc1","CC1=CN=C(N)C=C1*FC(C1=NC=C(Br)C=C1)(F)F*FC(F)(F)c1ncc(Nc2ncc(C)cc2)cc1",2.494764328,2.748244576027999,2.8282807456622425
2003,"CC1=C(N)C=NC=C1","CC1=CC(Br)=CC(C)=N1","N(c1c(C)ccnc1)c1cc(C)nc(C)c1","CC1=C(N)C=NC=C1*CC1=CC(Br)=CC(C)=N1*N(c1c(C)ccnc1)c1cc(C)nc(C)c1",5.310033683,2.1175617676807503,2.4395992311762664
2004,"CC1=C(N)C=NC=C1","FC(C1=CC(Br)=NC=C1)(F)F","FC(F)(F)c1cc(Nc2c(C)ccnc2)ncc1","CC1=C(N)C=NC=C1*FC(C1=CC(Br)=NC=C1)(F)F*FC(F)(F)c1cc(Nc2c(C)ccnc2)ncc1",1.747469869,2.287536426101809,1.5640564551889076
2008,"CC1=C(N)C=NC=C1","O=C(OCC)C1=NC=CC(Br)=C1","O=C(OCC)c1nccc(Nc2c(C)ccnc2)c1","CC1=C(N)C=NC=C1*O=C(OCC)C1=NC=CC(Br)=C1*O=C(OCC)c1nccc(Nc2c(C)ccnc2)c1",4.052166959,1.0922777999756201,1.1340265722523677
2011,"CC1=NC=CC(N)=C1","CC1=CC(Br)=CC(C)=N1","N(c1cc(C)nc(C)c1)c1cc(C)ncc1","CC1=NC=CC(N)=C1*CC1=CC(Br)=CC(C)=N1*N(c1cc(C)nc(C)c1)c1cc(C)ncc1",3.060918186,1.4506668290423614,2.639760693915679
2017,"FC1=CC=CC(N)=N1","FC(C1=CC=CC(Br)=N1)F","FC(F)c1nc(Nc2nc(F)ccc2)ccc1","FC1=CC=CC(N)=N1*FC(C1=CC=CC(Br)=N1)F*FC(F)c1nc(Nc2nc(F)ccc2)ccc1",0.163629123,6.798765713490815,8.112611016108179
2022,"FC1=CC=CC(N)=N1","FC(C1=NC=CC(Br)=C1)(F)F","FC(F)(F)c1nccc(Nc2nc(F)ccc2)c1","FC1=CC=CC(N)=N1*FC(C1=NC=CC(Br)=C1)(F)F*FC(F)(F)c1nccc(Nc2nc(F)ccc2)c1",3.811692128,3.3423657092877237,3.53767649490706
2039,"FC1=C(N)C=CN=C1","FC(C1=NC=CC=C1Br)(F)F","FC(F)(F)c1c(Nc2c(F)cncc2)cccn1","FC1=C(N)C=CN=C1*FC(C1=NC=CC=C1Br)(F)F*FC(F)(F)c1c(Nc2c(F)cncc2)cccn1",1.771639674,2.580066632978517,1.9956383926380445
2040,"FC1=C(N)C=CN=C1","O=C(OCC)C1=NC=CC(Br)=C1","Fc1c(Nc2cc(C(=O)OCC)ncc2)ccnc1","FC1=C(N)C=CN=C1*O=C(OCC)C1=NC=CC(Br)=C1*Fc1c(Nc2cc(C(=O)OCC)ncc2)ccnc1",1.852548977,1.8051638782559594,1.6091928533752822
2042,"N#CC1=CC(N)=NC=C1","O=C(OC)C1=CN=C(Br)C=C1","O=C(OC)c1cnc(Nc2nccc(C#N)c2)cc1","N#CC1=CC(N)=NC=C1*O=C(OC)C1=CN=C(Br)C=C1*O=C(OC)c1cnc(Nc2nccc(C#N)c2)cc1",1.999530801,3.2081643312759556,2.7236326775421236
2046,"N#CC1=CC(N)=NC=C1","FC(C1=NC=CC(Br)=C1)(F)F","FC(F)(F)c1nccc(Nc2nccc(C#N)c2)c1","N#CC1=CC(N)=NC=C1*FC(C1=NC=CC(Br)=C1)(F)F*FC(F)(F)c1nccc(Nc2nccc(C#N)c2)c1",1.150850959,1.8067771549235496,1.9309570036788641
2049,"N#CC1=NC=CC(N)=C1","FC(C1=CC=CC(Br)=N1)F","FC(F)c1nc(Nc2cc(C#N)ncc2)ccc1","N#CC1=NC=CC(N)=C1*FC(C1=CC=CC(Br)=N1)F*FC(F)c1nc(Nc2cc(C#N)ncc2)ccc1",3.628144602,3.493659206055184,4.004977306358218
2050,"N#CC1=NC=CC(N)=C1","O=C(OC)C1=CN=C(Br)C=C1","O=C(OC)c1cnc(Nc2cc(C#N)ncc2)cc1","N#CC1=NC=CC(N)=C1*O=C(OC)C1=CN=C(Br)C=C1*O=C(OC)c1cnc(Nc2cc(C#N)ncc2)cc1",0.368125166,1.6645668348963345,2.3301954224120944
2052,"N#CC1=NC=CC(N)=C1","FC(C1=CC(Br)=NC=C1)(F)F","FC(F)(F)c1cc(Nc2cc(C#N)ncc2)ncc1","N#CC1=NC=CC(N)=C1*FC(C1=CC(Br)=NC=C1)(F)F*FC(F)(F)c1cc(Nc2cc(C#N)ncc2)ncc1",1.220276853,1.8497773372017665,2.788416285635087
2055,"N#CC1=NC=CC(N)=C1","FC(C1=NC=CC=C1Br)(F)F","FC(F)(F)c1c(Nc2cc(C#N)ncc2)cccn1","N#CC1=NC=CC(N)=C1*FC(C1=NC=CC=C1Br)(F)F*FC(F)(F)c1c(Nc2cc(C#N)ncc2)cccn1",1.888397659,2.373223664844683,2.1953005121757934
2056,"N#CC1=NC=CC(N)=C1","O=C(OCC)C1=NC=CC(Br)=C1","O=C(OCC)c1nccc(Nc2cc(C#N)ncc2)c1","N#CC1=NC=CC(N)=C1*O=C(OCC)C1=NC=CC(Br)=C1*O=C(OCC)c1nccc(Nc2cc(C#N)ncc2)c1",3.357610262,1.9050469130835,2.016723958769386
2063,"CC1=CC(C)=C(N)C=N1","FC(C1=NC=CC=C1Br)(F)F","FC(F)(F)c1c(Nc2c(C)cc(C)nc2)cccn1","CC1=CC(C)=C(N)C=N1*FC(C1=NC=CC=C1Br)(F)F*FC(F)(F)c1c(Nc2c(C)cc(C)nc2)cccn1",1.282830544,2.025237391384945,2.3281431136538604
2064,"CC1=CC(C)=C(N)C=N1","O=C(OCC)C1=NC=CC(Br)=C1","O=C(OCC)c1nccc(Nc2c(C)cc(C)nc2)c1","CC1=CC(C)=C(N)C=N1*O=C(OCC)C1=NC=CC(Br)=C1*O=C(OCC)c1nccc(Nc2c(C)cc(C)nc2)c1",3.97469712,1.9009690802598411,1.9043805755215641
2074,"COC1=NC=C(N)C=C1","O=C(OC)C1=CN=C(Br)C=C1","O=C(OC)c1cnc(Nc2cnc(OC)cc2)cc1","COC1=NC=C(N)C=C1*O=C(OC)C1=CN=C(Br)C=C1*O=C(OC)c1cnc(Nc2cnc(OC)cc2)cc1",2.106033523,3.210458772746144,3.13737423304435
2076,"COC1=NC=C(N)C=C1","FC(C1=CC(Br)=NC=C1)(F)F","FC(F)(F)c1cc(Nc2cnc(OC)cc2)ncc1","COC1=NC=C(N)C=C1*FC(C1=CC(Br)=NC=C1)(F)F*FC(F)(F)c1cc(Nc2cnc(OC)cc2)ncc1",4.688575094,4.038671538868664,4.235052806850435
2077,"COC1=NC=C(N)C=C1","FC(C1=NC=C(Br)C=C1)(F)F","FC(F)(F)c1ncc(Nc2cnc(OC)cc2)cc1","COC1=NC=C(N)C=C1*FC(C1=NC=C(Br)C=C1)(F)F*FC(F)(F)c1ncc(Nc2cnc(OC)cc2)cc1",3.326476871,3.445892287970964,3.112780714870632
2083,"N#CCC1=NC=CC=C1N","CC1=CC(Br)=CC(C)=N1","N#CCc1c(Nc2cc(C)nc(C)c2)cccn1","N#CCC1=NC=CC=C1N*CC1=CC(Br)=CC(C)=N1*N#CCc1c(Nc2cc(C)nc(C)c2)cccn1",4.035173524,0.811720168575988,1.5790954224706908
2091,"O=C(C1=CC=CN=C1N)C","CC1=CC(Br)=CC(C)=N1","O=C(C)c1c(Nc2cc(C)nc(C)c2)nccc1","O=C(C1=CC=CN=C1N)C*CC1=CC(Br)=CC(C)=N1*O=C(C)c1c(Nc2cc(C)nc(C)c2)nccc1",1.108623206,2.2698314708415017,2.7108602965610507
2099,"CCOC1=NC=CC(N)=C1","CC1=CC(Br)=CC(C)=N1","O(CC)c1nccc(Nc2cc(C)nc(C)c2)c1","CCOC1=NC=CC(N)=C1*CC1=CC(Br)=CC(C)=N1*O(CC)c1nccc(Nc2cc(C)nc(C)c2)c1",1.360294589,2.4575180995614607,2.6160604315815004
2100,"CCOC1=NC=CC(N)=C1","FC(C1=CC(Br)=NC=C1)(F)F","FC(F)(F)c1cc(Nc2cc(OCC)ncc2)ncc1","CCOC1=NC=CC(N)=C1*FC(C1=CC(Br)=NC=C1)(F)F*FC(F)(F)c1cc(Nc2cc(OCC)ncc2)ncc1",2.963952384,2.5466287682421056,2.3264547669628852
2107,"CCOC1=CC(N)=NC=C1","CC1=CC(Br)=CC(C)=N1","O(CC)c1cc(Nc2cc(C)nc(C)c2)ncc1","CCOC1=CC(N)=NC=C1*CC1=CC(Br)=CC(C)=N1*O(CC)c1cc(Nc2cc(C)nc(C)c2)ncc1",2.364984233,2.833688383821257,2.5038174453795152
2110,"CCOC1=CC(N)=NC=C1","FC(C1=NC=CC(Br)=C1)(F)F","FC(F)(F)c1nccc(Nc2nccc(OCC)c2)c1","CCOC1=CC(N)=NC=C1*FC(C1=NC=CC(Br)=C1)(F)F*FC(F)(F)c1nccc(Nc2nccc(OCC)c2)c1",1.468486001,2.3410639036981538,2.022494055773104
2113,"O=[N+](C1=CN=C(N)C=C1)[O-]","FC(C1=CC=CC(Br)=N1)F","FC(F)c1nc(Nc2ncc([N+](=O)[O-])cc2)ccc1","O=[N+](C1=CN=C(N)C=C1)[O-]*FC(C1=CC=CC(Br)=N1)F*FC(F)c1nc(Nc2ncc([N+](=O)[O-])cc2)ccc1",2.059098281,5.660822776905577,4.55783304449723
2114,"O=[N+](C1=CN=C(N)C=C1)[O-]","O=C(OC)C1=CN=C(Br)C=C1","O=[N+]([O-])c1cnc(Nc2ncc(C(=O)OC)cc2)cc1","O=[N+](C1=CN=C(N)C=C1)[O-]*O=C(OC)C1=CN=C(Br)C=C1*O=[N+]([O-])c1cnc(Nc2ncc(C(=O)OC)cc2)cc1",2.891711026,3.7407002357430286,3.3934174875214036
2115,"O=[N+](C1=CN=C(N)C=C1)[O-]","CC1=CC(Br)=CC(C)=N1","O=[N+]([O-])c1cnc(Nc2cc(C)nc(C)c2)cc1","O=[N+](C1=CN=C(N)C=C1)[O-]*CC1=CC(Br)=CC(C)=N1*O=[N+]([O-])c1cnc(Nc2cc(C)nc(C)c2)cc1",2.594449858,2.8834650933802912,3.1101221063482907
2116,"O=[N+](C1=CN=C(N)C=C1)[O-]","FC(C1=CC(Br)=NC=C1)(F)F","FC(F)(F)c1cc(Nc2ncc([N+](=O)[O-])cc2)ncc1","O=[N+](C1=CN=C(N)C=C1)[O-]*FC(C1=CC(Br)=NC=C1)(F)F*FC(F)(F)c1cc(Nc2ncc([N+](=O)[O-])cc2)ncc1",2.479530462,4.407287127638008,3.185981207694104
2117,"O=[N+](C1=CN=C(N)C=C1)[O-]","FC(C1=NC=C(Br)C=C1)(F)F","FC(F)(F)c1ncc(Nc2ncc([N+](=O)[O-])cc2)cc1","O=[N+](C1=CN=C(N)C=C1)[O-]*FC(C1=NC=C(Br)C=C1)(F)F*FC(F)(F)c1ncc(Nc2ncc([N+](=O)[O-])cc2)cc1",0.727244628,2.6390405136549324,2.1899710871418705
2118,"O=[N+](C1=CN=C(N)C=C1)[O-]","FC(C1=NC=CC(Br)=C1)(F)F","FC(F)(F)c1nccc(Nc2ncc([N+](=O)[O-])cc2)c1","O=[N+](C1=CN=C(N)C=C1)[O-]*FC(C1=NC=CC(Br)=C1)(F)F*FC(F)(F)c1nccc(Nc2ncc([N+](=O)[O-])cc2)c1",3.878438973,2.4642310359729542,2.019349040873517
2119,"O=[N+](C1=CN=C(N)C=C1)[O-]","FC(C1=NC=CC=C1Br)(F)F","FC(F)(F)c1c(Nc2ncc([N+](=O)[O-])cc2)cccn1","O=[N+](C1=CN=C(N)C=C1)[O-]*FC(C1=NC=CC=C1Br)(F)F*FC(F)(F)c1c(Nc2ncc([N+](=O)[O-])cc2)cccn1",1.409368952,2.002581549861544,1.480680079483837
2139,"O=C(C1=NC=CC(N)=C1)OC","CC1=CC(Br)=CC(C)=N1","O=C(OC)c1nccc(Nc2cc(C)nc(C)c2)c1","O=C(C1=NC=CC(N)=C1)OC*CC1=CC(Br)=CC(C)=N1*O=C(OC)c1nccc(Nc2cc(C)nc(C)c2)c1",4.123652697,2.025415864899278,2.660804898650641
2141,"O=C(C1=NC=CC(N)=C1)OC","FC(C1=NC=C(Br)C=C1)(F)F","FC(F)(F)c1ncc(Nc2cc(C(=O)OC)ncc2)cc1","O=C(C1=NC=CC(N)=C1)OC*FC(C1=NC=C(Br)C=C1)(F)F*FC(F)(F)c1ncc(Nc2cc(C(=O)OC)ncc2)cc1",0.352708953,1.6396916902544276,1.4048272871175373
2146,"O=C(OC)C1=CC=NC(N)=C1","O=C(OC)C1=CN=C(Br)C=C1","O=C(OC)c1cc(Nc2ncc(C(=O)OC)cc2)ncc1","O=C(OC)C1=CC=NC(N)=C1*O=C(OC)C1=CN=C(Br)C=C1*O=C(OC)c1cc(Nc2ncc(C(=O)OC)cc2)ncc1",3.133697873,3.490934159651103,3.2535022068369845
2148,"O=C(OC)C1=CC=NC(N)=C1","FC(C1=CC(Br)=NC=C1)(F)F","FC(F)(F)c1cc(Nc2nccc(C(=O)OC)c2)ncc1","O=C(OC)C1=CC=NC(N)=C1*FC(C1=CC(Br)=NC=C1)(F)F*FC(F)(F)c1cc(Nc2nccc(C(=O)OC)c2)ncc1",6.515378962,5.592353813732572,6.344409316592978
2152,"O=C(OC)C1=CC=NC(N)=C1","O=C(OCC)C1=NC=CC(Br)=C1","O=C(OCC)c1nccc(Nc2nccc(C(=O)OC)c2)c1","O=C(OC)C1=CC=NC(N)=C1*O=C(OCC)C1=NC=CC(Br)=C1*O=C(OCC)c1nccc(Nc2nccc(C(=O)OC)c2)c1",0.953570989,1.4297977269590318,1.139700189699333
2157,"NC1=NC=C(C(F)(F)F)C=C1","FC(C1=NC=C(Br)C=C1)(F)F","FC(F)(F)c1ncc(Nc2ncc(C(F)(F)F)cc2)cc1","NC1=NC=C(C(F)(F)F)C=C1*FC(C1=NC=C(Br)C=C1)(F)F*FC(F)(F)c1ncc(Nc2ncc(C(F)(F)F)cc2)cc1",0.923910729,1.856114559078748,1.7140281410318763
2165,"FC(C1=NC=C(N)C=C1)(F)F","FC(C1=NC=C(Br)C=C1)(F)F","FC(F)(F)c1ncc(Nc2cnc(C(F)(F)F)cc2)cc1","FC(C1=NC=C(N)C=C1)(F)F*FC(C1=NC=C(Br)C=C1)(F)F*FC(F)(F)c1ncc(Nc2cnc(C(F)(F)F)cc2)cc1",0.599131421,2.334439338552052,2.5960719446025826
2166,"FC(C1=NC=C(N)C=C1)(F)F","FC(C1=NC=CC(Br)=C1)(F)F","FC(F)(F)c1nccc(Nc2cnc(C(F)(F)F)cc2)c1","FC(C1=NC=C(N)C=C1)(F)F*FC(C1=NC=CC(Br)=C1)(F)F*FC(F)(F)c1nccc(Nc2cnc(C(F)(F)F)cc2)c1",1.996645349,2.1917632017413835,2.4187599202308574
2167,"FC(C1=NC=C(N)C=C1)(F)F","FC(C1=NC=CC=C1Br)(F)F","FC(F)(F)c1c(Nc2cnc(C(F)(F)F)cc2)cccn1","FC(C1=NC=C(N)C=C1)(F)F*FC(C1=NC=CC=C1Br)(F)F*FC(F)(F)c1c(Nc2cnc(C(F)(F)F)cc2)cccn1",2.274947933,2.2472208170991674,2.3591669851747117
2171,"FC(C1=NC=CC(N)=C1)(F)F","CC1=CC(Br)=CC(C)=N1","FC(F)(F)c1nccc(Nc2cc(C)nc(C)c2)c1","FC(C1=NC=CC(N)=C1)(F)F*CC1=CC(Br)=CC(C)=N1*FC(F)(F)c1nccc(Nc2cc(C)nc(C)c2)c1",5.901855512,3.2284883329740715,3.21300641611256
